Date, Test , ComputeTime
15/02/24, 500000 @ -O0, 0.037941
15/02/24, 500000 @ -O1, 0.037524
15/02/24, 500000 @ -O2, 0.037171
15/02/24, 500000 @ -O3, 0.037735
15/02/24, 1000000 @ -O0, 0.107051
15/02/24, 1000000 @ -O1, 0.109784
15/02/24, 1000000 @ -O2, 0.107528
15/02/24, 1000000 @ -O3, 0.106995
15/02/24, 5000000 @ -O0, 6.019957
15/02/24, 5000000 @ -O1, 5.704562
15/02/24, 5000000 @ -O2, 5.421661
15/02/24, 5000000 @ -O3, 6.208925
15/02/24, 10000000 @ -O0, 17.251870
15/02/24, 10000000 @ -O1, 17.555031
15/02/24, 10000000 @ -O2, 17.499355
15/02/24, 10000000 @ -O3, 17.453122
15/02/24, 500000 @ -O0, 0.035777
15/02/24, 500000 @ -O1, 0.035898
15/02/24, 500000 @ -O2, 0.036415
15/02/24, 500000 @ -O3, 0.036379
15/02/24, 1000000 @ -O0, 0.097272
15/02/24, 1000000 @ -O1, 0.100453
15/02/24, 1000000 @ -O2, 0.100397
15/02/24, 1000000 @ -O3, 0.100862
15/02/24, 5000000 @ -O0, 3.083458
15/02/24, 5000000 @ -O1, 3.245710
15/02/24, 5000000 @ -O2, 3.182351
15/02/24, 5000000 @ -O3, 3.162030
15/02/24, 10000000 @ -O0, 12.809035
15/02/24, 10000000 @ -O1, 13.176669
15/02/24, 10000000 @ -O2, 13.232098
15/02/24, 10000000 @ -O3, 13.189798
15/02/24, 500000 @ -O0, 0.035914
15/02/24, 500000 @ -O1, 0.036631
15/02/24, 500000 @ -O2, 0.036643
15/02/24, 500000 @ -O3, 0.036658
15/02/24, 1000000 @ -O0, 0.097941
15/02/24, 1000000 @ -O1, 0.100941
15/02/24, 1000000 @ -O2, 0.101798
15/02/24, 1000000 @ -O3, 0.101546
15/02/24, 5000000 @ -O0, 4.426350
15/02/24, 5000000 @ -O1, 4.411338
15/02/24, 5000000 @ -O2, 4.472323
15/02/24, 5000000 @ -O3, 4.538435
15/02/24, 10000000 @ -O0, 16.614158
15/02/24, 10000000 @ -O1, 16.442481
15/02/24, 10000000 @ -O2, 16.687834
15/02/24, 10000000 @ -O3, 15.953188
16/02/24, 500000 @ -O0, 0.036816
16/02/24, 500000 @ -O1, 0.037033
16/02/24, 500000 @ -O2, 0.037327
16/02/24, 500000 @ -O3, 0.037119
16/02/24, 1000000 @ -O0, 0.100699
16/02/24, 1000000 @ -O1, 0.103163
16/02/24, 1000000 @ -O2, 0.104499
16/02/24, 1000000 @ -O3, 0.103931
16/02/24, 5000000 @ -O0, 4.702776
16/02/24, 5000000 @ -O1, 4.708665
16/02/24, 5000000 @ -O2, 4.950147
16/02/24, 5000000 @ -O3, 4.924724
16/02/24, 10000000 @ -O0, 17.230633
16/02/24, 10000000 @ -O1, 17.613630
16/02/24, 10000000 @ -O2, 17.268492
16/02/24, 10000000 @ -O3, 17.250106
16/02/24, 500000 @ -O0, 0.037328
16/02/24, 500000 @ -O1, 0.037590
16/02/24, 500000 @ -O2, 0.037813
16/02/24, 500000 @ -O3, 0.037154
16/02/24, 1000000 @ -O0, 0.103393
16/02/24, 1000000 @ -O1, 0.105133
16/02/24, 1000000 @ -O2, 0.104414
16/02/24, 1000000 @ -O3, 0.105429
16/02/24, 5000000 @ -O0, 5.796837
16/02/24, 5000000 @ -O1, 4.767801
16/02/24, 5000000 @ -O2, 4.853505
16/02/24, 5000000 @ -O3, 4.140186
16/02/24, 10000000 @ -O0, 15.281744
16/02/24, 10000000 @ -O1, 16.688918
16/02/24, 10000000 @ -O2, 15.861037
16/02/24, 10000000 @ -O3, 16.016329
17/02/24, 500000 @ -O0, 0.036689
17/02/24, 500000 @ -O1, 0.036738
17/02/24, 500000 @ -O2, 0.036685
17/02/24, 500000 @ -O3, 0.037017
17/02/24, 1000000 @ -O0, 0.098848
17/02/24, 1000000 @ -O1, 0.102093
17/02/24, 1000000 @ -O2, 0.102614
17/02/24, 1000000 @ -O3, 0.102066
17/02/24, 5000000 @ -O0, 3.293708
17/02/24, 5000000 @ -O1, 3.452475
17/02/24, 5000000 @ -O2, 3.392508
17/02/24, 5000000 @ -O3, 3.479829
17/02/24, 10000000 @ -O0, 13.400469
17/02/24, 10000000 @ -O1, 13.939844
17/02/24, 10000000 @ -O2, 14.272217
17/02/24, 10000000 @ -O3, 13.911382
18/02/24, 500000 @ -O0, 0.035277
18/02/24, 500000 @ -O1, 0.036327
18/02/24, 500000 @ -O2, 0.036651
18/02/24, 500000 @ -O3, 0.036741
18/02/24, 1000000 @ -O0, 0.097953
18/02/24, 1000000 @ -O1, 0.103583
18/02/24, 1000000 @ -O2, 0.101985
18/02/24, 1000000 @ -O3, 0.101869
18/02/24, 5000000 @ -O0, 4.153602
18/02/24, 5000000 @ -O1, 4.473631
18/02/24, 5000000 @ -O2, 4.395358
18/02/24, 5000000 @ -O3, 4.478336
18/02/24, 10000000 @ -O0, 15.560659
18/02/24, 10000000 @ -O1, 16.198046
18/02/24, 10000000 @ -O2, 16.618817
18/02/24, 10000000 @ -O3, 16.632158
19/02/24, 500000 @ -O0, 0.036056
19/02/24, 500000 @ -O1, 0.036240
19/02/24, 500000 @ -O2, 0.036922
19/02/24, 500000 @ -O3, 0.036994
19/02/24, 1000000 @ -O0, 0.100801
19/02/24, 1000000 @ -O1, 0.103227
19/02/24, 1000000 @ -O2, 0.104618
19/02/24, 1000000 @ -O3, 0.102669
19/02/24, 5000000 @ -O0, 5.234640
19/02/24, 5000000 @ -O1, 5.003394
19/02/24, 5000000 @ -O2, 4.748585
19/02/24, 5000000 @ -O3, 4.891807
19/02/24, 10000000 @ -O0, 16.143543
19/02/24, 10000000 @ -O1, 17.033459
19/02/24, 10000000 @ -O2, 16.623584
19/02/24, 10000000 @ -O3, 16.661052
20/02/24, 500000 @ -O0, 0.035419
20/02/24, 500000 @ -O1, 0.036612
20/02/24, 500000 @ -O2, 0.036618
20/02/24, 500000 @ -O3, 0.036852
20/02/24, 1000000 @ -O0, 0.099151
20/02/24, 1000000 @ -O1, 0.102203
20/02/24, 1000000 @ -O2, 0.102073
20/02/24, 1000000 @ -O3, 0.102528
20/02/24, 5000000 @ -O0, 3.976185
20/02/24, 5000000 @ -O1, 3.589154
20/02/24, 5000000 @ -O2, 3.534953
20/02/24, 5000000 @ -O3, 4.444263
20/02/24, 10000000 @ -O0, 15.805826
20/02/24, 10000000 @ -O1, 16.257180
20/02/24, 10000000 @ -O2, 15.604318
20/02/24, 10000000 @ -O3, 14.238083
21/02/24, 500000 @ -O0, 0.036355
21/02/24, 500000 @ -O1, 0.036281
21/02/24, 500000 @ -O2, 0.037183
21/02/24, 500000 @ -O3, 0.036336
21/02/24, 1000000 @ -O0, 0.099267
21/02/24, 1000000 @ -O1, 0.100788
21/02/24, 1000000 @ -O2, 0.101605
21/02/24, 1000000 @ -O3, 0.100954
21/02/24, 5000000 @ -O0, 3.578900
21/02/24, 5000000 @ -O1, 3.923339
21/02/24, 5000000 @ -O2, 3.935547
21/02/24, 5000000 @ -O3, 3.999769
21/02/24, 10000000 @ -O0, 14.480309
21/02/24, 10000000 @ -O1, 15.381831
21/02/24, 10000000 @ -O2, 15.066293
21/02/24, 10000000 @ -O3, 15.781858
22/02/24, 500000 @ -O0, 0.035532
22/02/24, 500000 @ -O1, 0.036383
22/02/24, 500000 @ -O2, 0.037541
22/02/24, 500000 @ -O3, 0.037414
22/02/24, 1000000 @ -O0, 0.097728
22/02/24, 1000000 @ -O1, 0.100805
22/02/24, 1000000 @ -O2, 0.101949
22/02/24, 1000000 @ -O3, 0.101583
22/02/24, 5000000 @ -O0, 4.979247
22/02/24, 5000000 @ -O1, 4.517411
22/02/24, 5000000 @ -O2, 4.848478
22/02/24, 5000000 @ -O3, 4.841901
22/02/24, 10000000 @ -O0, 16.698431
22/02/24, 10000000 @ -O1, 17.663920
22/02/24, 10000000 @ -O2, 17.800833
22/02/24, 10000000 @ -O3, 17.869439
23/02/24, 500000 @ -O0, 0.036093
23/02/24, 500000 @ -O1, 0.038732
23/02/24, 500000 @ -O2, 0.036971
23/02/24, 500000 @ -O3, 0.038014
23/02/24, 1000000 @ -O0, 0.103293
23/02/24, 1000000 @ -O1, 0.108261
23/02/24, 1000000 @ -O2, 0.107184
23/02/24, 1000000 @ -O3, 0.107884
23/02/24, 5000000 @ -O0, 5.929533
23/02/24, 5000000 @ -O1, 6.689903
23/02/24, 5000000 @ -O2, 6.206996
23/02/24, 5000000 @ -O3, 6.396784
23/02/24, 10000000 @ -O0, 17.638424
23/02/24, 10000000 @ -O1, 18.520809
23/02/24, 10000000 @ -O2, 18.152482
23/02/24, 10000000 @ -O3, 17.728270
24/02/24, 500000 @ -O0, 0.036692
24/02/24, 500000 @ -O1, 0.036848
24/02/24, 500000 @ -O2, 0.037579
24/02/24, 500000 @ -O3, 0.036722
24/02/24, 1000000 @ -O0, 0.101258
24/02/24, 1000000 @ -O1, 0.101907
24/02/24, 1000000 @ -O2, 0.101374
24/02/24, 1000000 @ -O3, 0.103382
24/02/24, 5000000 @ -O0, 3.824635
24/02/24, 5000000 @ -O1, 5.103816
24/02/24, 5000000 @ -O2, 5.196313
24/02/24, 5000000 @ -O3, 4.169239
24/02/24, 10000000 @ -O0, 15.049926
24/02/24, 10000000 @ -O1, 13.720384
24/02/24, 10000000 @ -O2, 13.683857
24/02/24, 10000000 @ -O3, 13.665158
25/02/24, 500000 @ -O0, 0.036180
25/02/24, 500000 @ -O1, 0.036771
25/02/24, 500000 @ -O2, 0.037193
25/02/24, 500000 @ -O3, 0.037161
25/02/24, 1000000 @ -O0, 0.111960
25/02/24, 1000000 @ -O1, 0.123669
25/02/24, 1000000 @ -O2, 0.106724
25/02/24, 1000000 @ -O3, 0.103708
25/02/24, 5000000 @ -O0, 5.773155
25/02/24, 5000000 @ -O1, 6.050133
25/02/24, 5000000 @ -O2, 6.101385
25/02/24, 5000000 @ -O3, 5.970376
25/02/24, 10000000 @ -O0, 17.210548
25/02/24, 10000000 @ -O1, 17.641468
25/02/24, 10000000 @ -O2, 17.734579
25/02/24, 10000000 @ -O3, 17.452127
26/02/24, 500000 @ -O0, 0.035472
26/02/24, 500000 @ -O1, 0.036043
26/02/24, 500000 @ -O2, 0.034866
26/02/24, 500000 @ -O3, 0.036986
26/02/24, 1000000 @ -O0, 0.098547
26/02/24, 1000000 @ -O1, 0.101511
26/02/24, 1000000 @ -O2, 0.098859
26/02/24, 1000000 @ -O3, 0.096463
26/02/24, 5000000 @ -O0, 3.150872
26/02/24, 5000000 @ -O1, 3.384969
26/02/24, 5000000 @ -O2, 3.434679
26/02/24, 5000000 @ -O3, 3.530672
26/02/24, 10000000 @ -O0, 15.355971
26/02/24, 10000000 @ -O1, 14.239496
26/02/24, 10000000 @ -O2, 14.300378
26/02/24, 10000000 @ -O3, 14.092275
27/02/24, 500000 @ -O0, 0.037894
27/02/24, 500000 @ -O1, 0.037324
27/02/24, 500000 @ -O2, 0.036797
27/02/24, 500000 @ -O3, 0.037633
27/02/24, 1000000 @ -O0, 0.104125
27/02/24, 1000000 @ -O1, 0.104467
27/02/24, 1000000 @ -O2, 0.104938
27/02/24, 1000000 @ -O3, 0.103694
27/02/24, 5000000 @ -O0, 5.780723
27/02/24, 5000000 @ -O1, 5.972529
27/02/24, 5000000 @ -O2, 6.061482
27/02/24, 5000000 @ -O3, 5.813858
27/02/24, 10000000 @ -O0, 17.078452
27/02/24, 10000000 @ -O1, 17.777016
27/02/24, 10000000 @ -O2, 17.683761
27/02/24, 10000000 @ -O3, 17.461597
28/02/24, 500000 @ -O0, 0.035789
28/02/24, 500000 @ -O1, 0.036379
28/02/24, 500000 @ -O2, 0.036591
28/02/24, 500000 @ -O3, 0.036371
28/02/24, 1000000 @ -O0, 0.098069
28/02/24, 1000000 @ -O1, 0.100662
28/02/24, 1000000 @ -O2, 0.101505
28/02/24, 1000000 @ -O3, 0.101175
28/02/24, 5000000 @ -O0, 3.265695
28/02/24, 5000000 @ -O1, 3.274376
28/02/24, 5000000 @ -O2, 3.289906
28/02/24, 5000000 @ -O3, 3.616916
28/02/24, 10000000 @ -O0, 15.612008
28/02/24, 10000000 @ -O1, 14.177953
28/02/24, 10000000 @ -O2, 13.317008
28/02/24, 10000000 @ -O3, 13.578655
29/02/24, 500000 @ -O0, 0.037989
29/02/24, 500000 @ -O1, 0.037372
29/02/24, 500000 @ -O2, 0.037311
29/02/24, 500000 @ -O3, 0.038685
29/02/24, 1000000 @ -O0, 0.100118
29/02/24, 1000000 @ -O1, 0.104240
29/02/24, 1000000 @ -O2, 0.104605
29/02/24, 1000000 @ -O3, 0.103808
29/02/24, 5000000 @ -O0, 5.671696
29/02/24, 5000000 @ -O1, 5.811621
29/02/24, 5000000 @ -O2, 5.933827
29/02/24, 5000000 @ -O3, 5.795028
29/02/24, 10000000 @ -O0, 17.174286
29/02/24, 10000000 @ -O1, 17.588313
29/02/24, 10000000 @ -O2, 17.580042
29/02/24, 10000000 @ -O3, 17.519941
01/03/24, 500000 @ -O0, 0.035357
01/03/24, 500000 @ -O1, 0.036613
01/03/24, 500000 @ -O2, 0.036788
01/03/24, 500000 @ -O3, 0.037491
01/03/24, 1000000 @ -O0, 0.101246
01/03/24, 1000000 @ -O1, 0.102402
01/03/24, 1000000 @ -O2, 0.101415
01/03/24, 1000000 @ -O3, 0.101833
01/03/24, 5000000 @ -O0, 4.228253
01/03/24, 5000000 @ -O1, 4.086565
01/03/24, 5000000 @ -O2, 3.692287
01/03/24, 5000000 @ -O3, 4.008240
01/03/24, 10000000 @ -O0, 15.812304
01/03/24, 10000000 @ -O1, 16.848013
01/03/24, 10000000 @ -O2, 17.631896
01/03/24, 10000000 @ -O3, 16.420786
02/03/24, 500000 @ -O0, 0.036497
02/03/24, 500000 @ -O1, 0.037156
02/03/24, 500000 @ -O2, 0.037229
02/03/24, 500000 @ -O3, 0.037476
02/03/24, 1000000 @ -O0, 0.099893
02/03/24, 1000000 @ -O1, 0.103284
02/03/24, 1000000 @ -O2, 0.103911
02/03/24, 1000000 @ -O3, 0.103706
02/03/24, 5000000 @ -O0, 4.442948
02/03/24, 5000000 @ -O1, 5.035736
02/03/24, 5000000 @ -O2, 5.779935
02/03/24, 5000000 @ -O3, 4.987447
02/03/24, 10000000 @ -O0, 17.809069
02/03/24, 10000000 @ -O1, 17.493524
02/03/24, 10000000 @ -O2, 18.302254
02/03/24, 10000000 @ -O3, 18.212156
03/03/24, 500000 @ -O0, 0.036380
03/03/24, 500000 @ -O1, 0.037031
03/03/24, 500000 @ -O2, 0.036676
03/03/24, 500000 @ -O3, 0.036474
03/03/24, 1000000 @ -O0, 0.098268
03/03/24, 1000000 @ -O1, 0.103114
03/03/24, 1000000 @ -O2, 0.103112
03/03/24, 1000000 @ -O3, 0.101733
03/03/24, 5000000 @ -O0, 4.638244
03/03/24, 5000000 @ -O1, 5.059577
03/03/24, 5000000 @ -O2, 4.861292
03/03/24, 5000000 @ -O3, 5.086750
03/03/24, 10000000 @ -O0, 17.792828
03/03/24, 10000000 @ -O1, 18.146504
03/03/24, 10000000 @ -O2, 18.107187
03/03/24, 10000000 @ -O3, 18.069399
04/03/24, 500000 @ -O0, 0.036896
04/03/24, 500000 @ -O1, 0.037358
04/03/24, 500000 @ -O2, 0.037198
04/03/24, 500000 @ -O3, 0.037226
04/03/24, 1000000 @ -O0, 0.102675
04/03/24, 1000000 @ -O1, 0.102978
04/03/24, 1000000 @ -O2, 0.104159
04/03/24, 1000000 @ -O3, 0.104133
04/03/24, 5000000 @ -O0, 4.776900
04/03/24, 5000000 @ -O1, 4.849704
04/03/24, 5000000 @ -O2, 4.954808
04/03/24, 5000000 @ -O3, 5.076523
04/03/24, 10000000 @ -O0, 16.967627
04/03/24, 10000000 @ -O1, 18.175034
04/03/24, 10000000 @ -O2, 17.259636
04/03/24, 10000000 @ -O3, 17.664978
05/03/24, 500000 @ -O0, 0.037323
05/03/24, 500000 @ -O1, 0.037010
05/03/24, 500000 @ -O2, 0.036786
05/03/24, 500000 @ -O3, 0.037143
05/03/24, 1000000 @ -O0, 0.100538
05/03/24, 1000000 @ -O1, 0.104827
05/03/24, 1000000 @ -O2, 0.106751
05/03/24, 1000000 @ -O3, 0.105223
05/03/24, 5000000 @ -O0, 5.604675
05/03/24, 5000000 @ -O1, 5.722544
05/03/24, 5000000 @ -O2, 5.773369
05/03/24, 5000000 @ -O3, 5.989696
05/03/24, 10000000 @ -O0, 16.919673
05/03/24, 10000000 @ -O1, 17.487067
05/03/24, 10000000 @ -O2, 17.597988
05/03/24, 10000000 @ -O3, 17.682518
06/03/24, 500000 @ -O0, 0.036163
06/03/24, 500000 @ -O1, 0.037093
06/03/24, 500000 @ -O2, 0.037821
06/03/24, 500000 @ -O3, 0.037142
06/03/24, 1000000 @ -O0, 0.102240
06/03/24, 1000000 @ -O1, 0.103869
06/03/24, 1000000 @ -O2, 0.105080
06/03/24, 1000000 @ -O3, 0.103630
06/03/24, 5000000 @ -O0, 4.543638
06/03/24, 5000000 @ -O1, 4.467499
06/03/24, 5000000 @ -O2, 4.596479
06/03/24, 5000000 @ -O3, 4.608821
06/03/24, 10000000 @ -O0, 16.650952
06/03/24, 10000000 @ -O1, 17.263854
06/03/24, 10000000 @ -O2, 17.668186
06/03/24, 10000000 @ -O3, 16.839876
07/03/24, 500000 @ -O0, 0.037054
07/03/24, 500000 @ -O1, 0.037027
07/03/24, 500000 @ -O2, 0.037851
07/03/24, 500000 @ -O3, 0.038034
07/03/24, 1000000 @ -O0, 0.102843
07/03/24, 1000000 @ -O1, 0.104111
07/03/24, 1000000 @ -O2, 0.107034
07/03/24, 1000000 @ -O3, 0.106346
07/03/24, 5000000 @ -O0, 5.412566
07/03/24, 5000000 @ -O1, 5.409094
07/03/24, 5000000 @ -O2, 5.483238
07/03/24, 5000000 @ -O3, 5.247387
07/03/24, 10000000 @ -O0, 16.945325
07/03/24, 10000000 @ -O1, 17.595698
07/03/24, 10000000 @ -O2, 17.497757
07/03/24, 10000000 @ -O3, 17.561437
08/03/24, 500000 @ -O0, 0.037540
08/03/24, 500000 @ -O1, 0.037295
08/03/24, 500000 @ -O2, 0.037593
08/03/24, 500000 @ -O3, 0.037198
08/03/24, 1000000 @ -O0, 0.101568
08/03/24, 1000000 @ -O1, 0.103461
08/03/24, 1000000 @ -O2, 0.102333
08/03/24, 1000000 @ -O3, 0.101318
08/03/24, 5000000 @ -O0, 3.406520
08/03/24, 5000000 @ -O1, 3.944340
08/03/24, 5000000 @ -O2, 4.915434
08/03/24, 5000000 @ -O3, 4.375958
08/03/24, 10000000 @ -O0, 16.647731
08/03/24, 10000000 @ -O1, 14.860787
08/03/24, 10000000 @ -O2, 14.781114
08/03/24, 10000000 @ -O3, 15.068638
09/03/24, 500000 @ -O0, 0.036080
09/03/24, 500000 @ -O1, 0.036978
09/03/24, 500000 @ -O2, 0.037533
09/03/24, 500000 @ -O3, 0.036834
09/03/24, 1000000 @ -O0, 0.100969
09/03/24, 1000000 @ -O1, 0.102290
09/03/24, 1000000 @ -O2, 0.103498
09/03/24, 1000000 @ -O3, 0.102774
09/03/24, 5000000 @ -O0, 5.330210
09/03/24, 5000000 @ -O1, 5.309293
09/03/24, 5000000 @ -O2, 5.405256
09/03/24, 5000000 @ -O3, 5.423415
09/03/24, 10000000 @ -O0, 15.611635
09/03/24, 10000000 @ -O1, 16.205663
09/03/24, 10000000 @ -O2, 18.047727
09/03/24, 10000000 @ -O3, 16.300183
10/03/24, 500000 @ -O0, 0.037082
10/03/24, 500000 @ -O1, 0.036739
10/03/24, 500000 @ -O2, 0.036939
10/03/24, 500000 @ -O3, 0.037472
10/03/24, 1000000 @ -O0, 0.114723
10/03/24, 1000000 @ -O1, 0.105855
10/03/24, 1000000 @ -O2, 0.104748
10/03/24, 1000000 @ -O3, 0.105771
10/03/24, 5000000 @ -O0, 6.011523
10/03/24, 5000000 @ -O1, 6.261551
10/03/24, 5000000 @ -O2, 6.251153
10/03/24, 5000000 @ -O3, 6.251408
10/03/24, 10000000 @ -O0, 18.092656
10/03/24, 10000000 @ -O1, 18.620485
10/03/24, 10000000 @ -O2, 18.639780
10/03/24, 10000000 @ -O3, 18.336481
11/03/24, 500000 @ -O0, 0.036528
11/03/24, 500000 @ -O1, 0.036690
11/03/24, 500000 @ -O2, 0.037085
11/03/24, 500000 @ -O3, 0.036525
11/03/24, 1000000 @ -O0, 0.101186
11/03/24, 1000000 @ -O1, 0.100459
11/03/24, 1000000 @ -O2, 0.102095
11/03/24, 1000000 @ -O3, 0.102355
11/03/24, 5000000 @ -O0, 4.626766
11/03/24, 5000000 @ -O1, 4.256696
11/03/24, 5000000 @ -O2, 4.223501
11/03/24, 5000000 @ -O3, 4.557340
11/03/24, 10000000 @ -O0, 14.592721
11/03/24, 10000000 @ -O1, 14.607297
11/03/24, 10000000 @ -O2, 14.368262
11/03/24, 10000000 @ -O3, 14.496570
12/03/24, 500000 @ -O0, 0.037133
12/03/24, 500000 @ -O1, 0.037331
12/03/24, 500000 @ -O2, 0.037443
12/03/24, 500000 @ -O3, 0.037366
12/03/24, 1000000 @ -O0, 0.102653
12/03/24, 1000000 @ -O1, 0.102853
12/03/24, 1000000 @ -O2, 0.103928
12/03/24, 1000000 @ -O3, 0.103758
12/03/24, 5000000 @ -O0, 5.270450
12/03/24, 5000000 @ -O1, 5.805822
12/03/24, 5000000 @ -O2, 5.647214
12/03/24, 5000000 @ -O3, 5.506138
12/03/24, 10000000 @ -O0, 17.280726
12/03/24, 10000000 @ -O1, 17.827173
12/03/24, 10000000 @ -O2, 17.973008
12/03/24, 10000000 @ -O3, 17.958893
13/03/24, 500000 @ -O0, 0.036725
13/03/24, 500000 @ -O1, 0.036907
13/03/24, 500000 @ -O2, 0.036983
13/03/24, 500000 @ -O3, 0.035988
13/03/24, 1000000 @ -O0, 0.100376
13/03/24, 1000000 @ -O1, 0.102523
13/03/24, 1000000 @ -O2, 0.103284
13/03/24, 1000000 @ -O3, 0.102763
13/03/24, 5000000 @ -O0, 3.225886
13/03/24, 5000000 @ -O1, 3.337789
13/03/24, 5000000 @ -O2, 3.318418
13/03/24, 5000000 @ -O3, 3.193199
13/03/24, 10000000 @ -O0, 14.347408
13/03/24, 10000000 @ -O1, 14.317396
13/03/24, 10000000 @ -O2, 13.623536
13/03/24, 10000000 @ -O3, 13.804180
14/03/24, 500000 @ -O0, 0.035900
14/03/24, 500000 @ -O1, 0.036899
14/03/24, 500000 @ -O2, 0.037057
14/03/24, 500000 @ -O3, 0.037321
14/03/24, 1000000 @ -O0, 0.100362
14/03/24, 1000000 @ -O1, 0.102059
14/03/24, 1000000 @ -O2, 0.102641
14/03/24, 1000000 @ -O3, 0.102620
14/03/24, 5000000 @ -O0, 5.176090
14/03/24, 5000000 @ -O1, 3.739402
14/03/24, 5000000 @ -O2, 3.876139
14/03/24, 5000000 @ -O3, 3.853842
14/03/24, 10000000 @ -O0, 14.722551
14/03/24, 10000000 @ -O1, 14.860476
14/03/24, 10000000 @ -O2, 15.382799
14/03/24, 10000000 @ -O3, 15.286283
15/03/24, 500000 @ -O0, 0.036997
15/03/24, 500000 @ -O1, 0.037222
15/03/24, 500000 @ -O2, 0.037256
15/03/24, 500000 @ -O3, 0.037924
15/03/24, 1000000 @ -O0, 0.102800
15/03/24, 1000000 @ -O1, 0.103389
15/03/24, 1000000 @ -O2, 0.102549
15/03/24, 1000000 @ -O3, 0.103044
15/03/24, 5000000 @ -O0, 3.862309
15/03/24, 5000000 @ -O1, 4.180258
15/03/24, 5000000 @ -O2, 4.267284
15/03/24, 5000000 @ -O3, 4.371867
15/03/24, 10000000 @ -O0, 15.862839
15/03/24, 10000000 @ -O1, 15.700947
15/03/24, 10000000 @ -O2, 15.548862
15/03/24, 10000000 @ -O3, 15.513799
16/03/24, 500000 @ -O0, 0.037226
16/03/24, 500000 @ -O1, 0.037672
16/03/24, 500000 @ -O2, 0.037648
16/03/24, 500000 @ -O3, 0.037651
16/03/24, 1000000 @ -O0, 0.100643
16/03/24, 1000000 @ -O1, 0.103684
16/03/24, 1000000 @ -O2, 0.104279
16/03/24, 1000000 @ -O3, 0.103745
16/03/24, 5000000 @ -O0, 6.048192
16/03/24, 5000000 @ -O1, 6.323282
16/03/24, 5000000 @ -O2, 6.362981
16/03/24, 5000000 @ -O3, 6.428692
16/03/24, 10000000 @ -O0, 17.999484
16/03/24, 10000000 @ -O1, 18.558378
16/03/24, 10000000 @ -O2, 18.313323
16/03/24, 10000000 @ -O3, 18.507086
17/03/24, 500000 @ -O0, 0.036333
17/03/24, 500000 @ -O1, 0.036681
17/03/24, 500000 @ -O2, 0.037089
17/03/24, 500000 @ -O3, 0.037159
17/03/24, 1000000 @ -O0, 0.100822
17/03/24, 1000000 @ -O1, 0.103026
17/03/24, 1000000 @ -O2, 0.102605
17/03/24, 1000000 @ -O3, 0.102863
17/03/24, 5000000 @ -O0, 4.975655
17/03/24, 5000000 @ -O1, 4.693062
17/03/24, 5000000 @ -O2, 4.123276
17/03/24, 5000000 @ -O3, 4.277835
17/03/24, 10000000 @ -O0, 16.746007
17/03/24, 10000000 @ -O1, 16.094352
17/03/24, 10000000 @ -O2, 15.648075
17/03/24, 10000000 @ -O3, 15.408076
18/03/24, 500000 @ -O0, 0.036429
18/03/24, 500000 @ -O1, 0.036993
18/03/24, 500000 @ -O2, 0.037370
18/03/24, 500000 @ -O3, 0.037186
18/03/24, 1000000 @ -O0, 0.100904
18/03/24, 1000000 @ -O1, 0.102623
18/03/24, 1000000 @ -O2, 0.103579
18/03/24, 1000000 @ -O3, 0.103205
18/03/24, 5000000 @ -O0, 4.160339
18/03/24, 5000000 @ -O1, 3.766630
18/03/24, 5000000 @ -O2, 4.168198
18/03/24, 5000000 @ -O3, 4.173334
18/03/24, 10000000 @ -O0, 16.168324
18/03/24, 10000000 @ -O1, 15.948670
18/03/24, 10000000 @ -O2, 15.739488
18/03/24, 10000000 @ -O3, 16.331136
19/03/24, 500000 @ -O0, 0.036088
19/03/24, 500000 @ -O1, 0.036339
19/03/24, 500000 @ -O2, 0.036636
19/03/24, 500000 @ -O3, 0.036836
19/03/24, 1000000 @ -O0, 0.099536
19/03/24, 1000000 @ -O1, 0.101173
19/03/24, 1000000 @ -O2, 0.101140
19/03/24, 1000000 @ -O3, 0.101054
19/03/24, 5000000 @ -O0, 4.135971
19/03/24, 5000000 @ -O1, 5.353593
19/03/24, 5000000 @ -O2, 4.942380
19/03/24, 5000000 @ -O3, 5.030704
19/03/24, 10000000 @ -O0, 15.531607
19/03/24, 10000000 @ -O1, 15.727265
19/03/24, 10000000 @ -O2, 17.066432
19/03/24, 10000000 @ -O3, 17.095386
20/03/24, 500000 @ -O0, 0.036237
20/03/24, 500000 @ -O1, 0.037665
20/03/24, 500000 @ -O2, 0.036749
20/03/24, 500000 @ -O3, 0.036505
20/03/24, 1000000 @ -O0, 0.100448
20/03/24, 1000000 @ -O1, 0.101471
20/03/24, 1000000 @ -O2, 0.101568
20/03/24, 1000000 @ -O3, 0.100984
20/03/24, 5000000 @ -O0, 4.360095
20/03/24, 5000000 @ -O1, 3.702330
20/03/24, 5000000 @ -O2, 3.547403
20/03/24, 5000000 @ -O3, 3.524540
20/03/24, 10000000 @ -O0, 16.221746
20/03/24, 10000000 @ -O1, 16.656090
20/03/24, 10000000 @ -O2, 16.119585
20/03/24, 10000000 @ -O3, 16.078379
21/03/24, 500000 @ -O0, 0.036177
21/03/24, 500000 @ -O1, 0.034733
21/03/24, 500000 @ -O2, 0.034947
21/03/24, 500000 @ -O3, 0.034924
21/03/24, 1000000 @ -O0, 0.097096
21/03/24, 1000000 @ -O1, 0.096869
21/03/24, 1000000 @ -O2, 0.097482
21/03/24, 1000000 @ -O3, 0.096811
21/03/24, 5000000 @ -O0, 3.039677
21/03/24, 5000000 @ -O1, 3.158585
21/03/24, 5000000 @ -O2, 3.244223
21/03/24, 5000000 @ -O3, 3.179078
21/03/24, 10000000 @ -O0, 13.027451
21/03/24, 10000000 @ -O1, 13.302287
21/03/24, 10000000 @ -O2, 13.352939
21/03/24, 10000000 @ -O3, 13.284938
22/03/24, 500000 @ -O0, 0.036763
22/03/24, 500000 @ -O1, 0.036827
22/03/24, 500000 @ -O2, 0.038708
22/03/24, 500000 @ -O3, 0.036864
22/03/24, 1000000 @ -O0, 0.102886
22/03/24, 1000000 @ -O1, 0.102097
22/03/24, 1000000 @ -O2, 0.103163
22/03/24, 1000000 @ -O3, 0.104328
22/03/24, 5000000 @ -O0, 5.075569
22/03/24, 5000000 @ -O1, 3.505387
22/03/24, 5000000 @ -O2, 4.033055
22/03/24, 5000000 @ -O3, 3.753118
22/03/24, 10000000 @ -O0, 16.179542
22/03/24, 10000000 @ -O1, 14.990420
22/03/24, 10000000 @ -O2, 15.956751
22/03/24, 10000000 @ -O3, 13.870155
23/03/24, 500000 @ -O0, 0.035233
23/03/24, 500000 @ -O1, 0.036379
23/03/24, 500000 @ -O2, 0.036634
23/03/24, 500000 @ -O3, 0.036492
23/03/24, 1000000 @ -O0, 0.099862
23/03/24, 1000000 @ -O1, 0.101166
23/03/24, 1000000 @ -O2, 0.101288
23/03/24, 1000000 @ -O3, 0.101220
23/03/24, 5000000 @ -O0, 3.791816
23/03/24, 5000000 @ -O1, 3.417904
23/03/24, 5000000 @ -O2, 3.472843
23/03/24, 5000000 @ -O3, 3.804700
23/03/24, 10000000 @ -O0, 14.655949
23/03/24, 10000000 @ -O1, 14.791183
23/03/24, 10000000 @ -O2, 15.024591
23/03/24, 10000000 @ -O3, 13.719308
24/03/24, 500000 @ -O0, 0.036566
24/03/24, 500000 @ -O1, 0.037191
24/03/24, 500000 @ -O2, 0.037494
24/03/24, 500000 @ -O3, 0.037234
24/03/24, 1000000 @ -O0, 0.100346
24/03/24, 1000000 @ -O1, 0.102133
24/03/24, 1000000 @ -O2, 0.102921
24/03/24, 1000000 @ -O3, 0.102921
24/03/24, 5000000 @ -O0, 5.870647
24/03/24, 5000000 @ -O1, 6.035446
24/03/24, 5000000 @ -O2, 6.168730
24/03/24, 5000000 @ -O3, 6.338125
24/03/24, 10000000 @ -O0, 17.604136
24/03/24, 10000000 @ -O1, 16.181372
24/03/24, 10000000 @ -O2, 17.658516
24/03/24, 10000000 @ -O3, 17.467025
25/03/24, 500000 @ -O0, 0.035649
25/03/24, 500000 @ -O1, 0.036356
25/03/24, 500000 @ -O2, 0.036634
25/03/24, 500000 @ -O3, 0.036769
25/03/24, 1000000 @ -O0, 0.098868
25/03/24, 1000000 @ -O1, 0.101121
25/03/24, 1000000 @ -O2, 0.101694
25/03/24, 1000000 @ -O3, 0.100858
25/03/24, 5000000 @ -O0, 3.839613
25/03/24, 5000000 @ -O1, 3.710953
25/03/24, 5000000 @ -O2, 3.979873
25/03/24, 5000000 @ -O3, 3.757838
25/03/24, 10000000 @ -O0, 14.529571
25/03/24, 10000000 @ -O1, 14.651442
25/03/24, 10000000 @ -O2, 14.927074
25/03/24, 10000000 @ -O3, 14.973406
26/03/24, 500000 @ -O0, 0.035355
26/03/24, 500000 @ -O1, 0.036752
26/03/24, 500000 @ -O2, 0.036656
26/03/24, 500000 @ -O3, 0.037447
26/03/24, 1000000 @ -O0, 0.099903
26/03/24, 1000000 @ -O1, 0.102960
26/03/24, 1000000 @ -O2, 0.104306
26/03/24, 1000000 @ -O3, 0.104126
26/03/24, 5000000 @ -O0, 5.631918
26/03/24, 5000000 @ -O1, 5.558675
26/03/24, 5000000 @ -O2, 5.339481
26/03/24, 5000000 @ -O3, 5.392995
26/03/24, 10000000 @ -O0, 16.862042
26/03/24, 10000000 @ -O1, 17.101017
26/03/24, 10000000 @ -O2, 17.398589
26/03/24, 10000000 @ -O3, 17.620570
27/03/24, 500000 @ -O0, 0.035119
27/03/24, 500000 @ -O1, 0.037239
27/03/24, 500000 @ -O2, 0.036454
27/03/24, 500000 @ -O3, 0.036424
27/03/24, 1000000 @ -O0, 0.097297
27/03/24, 1000000 @ -O1, 0.100609
27/03/24, 1000000 @ -O2, 0.100984
27/03/24, 1000000 @ -O3, 0.101074
27/03/24, 5000000 @ -O0, 3.224995
27/03/24, 5000000 @ -O1, 3.428827
27/03/24, 5000000 @ -O2, 4.001744
27/03/24, 5000000 @ -O3, 4.249286
27/03/24, 10000000 @ -O0, 13.967040
27/03/24, 10000000 @ -O1, 14.822821
27/03/24, 10000000 @ -O2, 15.044762
27/03/24, 10000000 @ -O3, 15.745267
28/03/24, 500000 @ -O0, 0.036673
28/03/24, 500000 @ -O1, 0.037188
28/03/24, 500000 @ -O2, 0.036566
28/03/24, 500000 @ -O3, 0.036406
28/03/24, 1000000 @ -O0, 0.099871
28/03/24, 1000000 @ -O1, 0.100693
28/03/24, 1000000 @ -O2, 0.101226
28/03/24, 1000000 @ -O3, 0.100679
28/03/24, 5000000 @ -O0, 3.625104
28/03/24, 5000000 @ -O1, 3.764745
28/03/24, 5000000 @ -O2, 3.753420
28/03/24, 5000000 @ -O3, 3.752759
28/03/24, 10000000 @ -O0, 14.938118
28/03/24, 10000000 @ -O1, 15.108179
28/03/24, 10000000 @ -O2, 15.241522
28/03/24, 10000000 @ -O3, 15.778047
29/03/24, 500000 @ -O0, 0.038181
29/03/24, 500000 @ -O1, 0.037477
29/03/24, 500000 @ -O2, 0.038156
29/03/24, 500000 @ -O3, 0.037404
29/03/24, 1000000 @ -O0, 0.103453
29/03/24, 1000000 @ -O1, 0.103433
29/03/24, 1000000 @ -O2, 0.103235
29/03/24, 1000000 @ -O3, 0.104367
29/03/24, 5000000 @ -O0, 5.872909
29/03/24, 5000000 @ -O1, 5.968997
29/03/24, 5000000 @ -O2, 6.152702
29/03/24, 5000000 @ -O3, 5.978386
29/03/24, 10000000 @ -O0, 17.168170
29/03/24, 10000000 @ -O1, 17.836227
29/03/24, 10000000 @ -O2, 17.813223
29/03/24, 10000000 @ -O3, 17.590966
30/03/24, 500000 @ -O0, 0.037257
30/03/24, 500000 @ -O1, 0.038717
30/03/24, 500000 @ -O2, 0.037703
30/03/24, 500000 @ -O3, 0.037266
30/03/24, 1000000 @ -O0, 0.108181
30/03/24, 1000000 @ -O1, 0.106309
30/03/24, 1000000 @ -O2, 0.111483
30/03/24, 1000000 @ -O3, 0.112130
30/03/24, 5000000 @ -O0, 6.127494
30/03/24, 5000000 @ -O1, 6.214605
30/03/24, 5000000 @ -O2, 6.214262
30/03/24, 5000000 @ -O3, 6.195070
30/03/24, 10000000 @ -O0, 17.684310
30/03/24, 10000000 @ -O1, 18.067873
30/03/24, 10000000 @ -O2, 18.092840
30/03/24, 10000000 @ -O3, 18.132875
31/03/24, 500000 @ -O0, 0.036733
31/03/24, 500000 @ -O1, 0.036879
31/03/24, 500000 @ -O2, 0.037005
31/03/24, 500000 @ -O3, 0.036997
31/03/24, 1000000 @ -O0, 0.101118
31/03/24, 1000000 @ -O1, 0.102239
31/03/24, 1000000 @ -O2, 0.102962
31/03/24, 1000000 @ -O3, 0.102969
31/03/24, 5000000 @ -O0, 4.682966
31/03/24, 5000000 @ -O1, 4.351040
31/03/24, 5000000 @ -O2, 4.607589
31/03/24, 5000000 @ -O3, 4.667444
31/03/24, 10000000 @ -O0, 16.923869
31/03/24, 10000000 @ -O1, 16.747252
31/03/24, 10000000 @ -O2, 17.015847
31/03/24, 10000000 @ -O3, 16.884306
01/04/24, 500000 @ -O0, 0.036337
01/04/24, 500000 @ -O1, 0.036270
01/04/24, 500000 @ -O2, 0.037498
01/04/24, 500000 @ -O3, 0.036868
01/04/24, 1000000 @ -O0, 0.100322
01/04/24, 1000000 @ -O1, 0.101239
01/04/24, 1000000 @ -O2, 0.102589
01/04/24, 1000000 @ -O3, 0.102712
01/04/24, 5000000 @ -O0, 4.005861
01/04/24, 5000000 @ -O1, 4.075470
01/04/24, 5000000 @ -O2, 4.812494
01/04/24, 5000000 @ -O3, 4.694531
01/04/24, 10000000 @ -O0, 15.777659
01/04/24, 10000000 @ -O1, 16.181396
01/04/24, 10000000 @ -O2, 16.205942
01/04/24, 10000000 @ -O3, 16.665655
02/04/24, 500000 @ -O0, 0.038785
02/04/24, 500000 @ -O1, 0.037213
02/04/24, 500000 @ -O2, 0.037231
02/04/24, 500000 @ -O3, 0.037472
02/04/24, 1000000 @ -O0, 0.100400
02/04/24, 1000000 @ -O1, 0.103219
02/04/24, 1000000 @ -O2, 0.104289
02/04/24, 1000000 @ -O3, 0.105073
02/04/24, 5000000 @ -O0, 4.195274
02/04/24, 5000000 @ -O1, 4.359726
02/04/24, 5000000 @ -O2, 4.569217
02/04/24, 5000000 @ -O3, 4.754484
02/04/24, 10000000 @ -O0, 17.300025
02/04/24, 10000000 @ -O1, 18.668664
02/04/24, 10000000 @ -O2, 17.222656
02/04/24, 10000000 @ -O3, 18.599005
03/04/24, 500000 @ -O0, 0.036045
03/04/24, 500000 @ -O1, 0.042961
03/04/24, 500000 @ -O2, 0.037293
03/04/24, 500000 @ -O3, 0.036563
03/04/24, 1000000 @ -O0, 0.100646
03/04/24, 1000000 @ -O1, 0.102840
03/04/24, 1000000 @ -O2, 0.103243
03/04/24, 1000000 @ -O3, 0.103108
03/04/24, 5000000 @ -O0, 3.983109
03/04/24, 5000000 @ -O1, 4.152056
03/04/24, 5000000 @ -O2, 4.095500
03/04/24, 5000000 @ -O3, 4.134487
03/04/24, 10000000 @ -O0, 15.052399
03/04/24, 10000000 @ -O1, 15.775512
03/04/24, 10000000 @ -O2, 15.831139
03/04/24, 10000000 @ -O3, 15.945712
04/04/24, 500000 @ -O0, 0.036342
04/04/24, 500000 @ -O1, 0.037733
04/04/24, 500000 @ -O2, 0.036674
04/04/24, 500000 @ -O3, 0.037237
04/04/24, 1000000 @ -O0, 0.102028
04/04/24, 1000000 @ -O1, 0.104582
04/04/24, 1000000 @ -O2, 0.103416
04/04/24, 1000000 @ -O3, 0.103180
04/04/24, 5000000 @ -O0, 4.750331
04/04/24, 5000000 @ -O1, 5.434226
04/04/24, 5000000 @ -O2, 4.644315
04/04/24, 5000000 @ -O3, 4.769005
04/04/24, 10000000 @ -O0, 16.279846
04/04/24, 10000000 @ -O1, 17.088779
04/04/24, 10000000 @ -O2, 17.510105
04/04/24, 10000000 @ -O3, 17.312803
05/04/24, 500000 @ -O0, 0.036239
05/04/24, 500000 @ -O1, 0.037003
05/04/24, 500000 @ -O2, 0.037473
05/04/24, 500000 @ -O3, 0.036298
05/04/24, 1000000 @ -O0, 0.101259
05/04/24, 1000000 @ -O1, 0.101098
05/04/24, 1000000 @ -O2, 0.103402
05/04/24, 1000000 @ -O3, 0.102700
05/04/24, 5000000 @ -O0, 4.419152
05/04/24, 5000000 @ -O1, 4.429575
05/04/24, 5000000 @ -O2, 4.299330
05/04/24, 5000000 @ -O3, 4.582260
05/04/24, 10000000 @ -O0, 17.028577
05/04/24, 10000000 @ -O1, 16.374353
05/04/24, 10000000 @ -O2, 17.585602
05/04/24, 10000000 @ -O3, 16.152935
06/04/24, 500000 @ -O0, 0.036322
06/04/24, 500000 @ -O1, 0.036813
06/04/24, 500000 @ -O2, 0.037593
06/04/24, 500000 @ -O3, 0.036721
06/04/24, 1000000 @ -O0, 0.100829
06/04/24, 1000000 @ -O1, 0.102159
06/04/24, 1000000 @ -O2, 0.102256
06/04/24, 1000000 @ -O3, 0.104288
06/04/24, 5000000 @ -O0, 3.562965
06/04/24, 5000000 @ -O1, 3.814994
06/04/24, 5000000 @ -O2, 4.713935
06/04/24, 5000000 @ -O3, 4.835423
06/04/24, 10000000 @ -O0, 16.166031
06/04/24, 10000000 @ -O1, 16.318756
06/04/24, 10000000 @ -O2, 16.954911
06/04/24, 10000000 @ -O3, 15.724959
07/04/24, 500000 @ -O0, 0.067483
07/04/24, 500000 @ -O1, 0.036209
07/04/24, 500000 @ -O2, 0.036612
07/04/24, 500000 @ -O3, 0.036411
07/04/24, 1000000 @ -O0, 0.097100
07/04/24, 1000000 @ -O1, 0.102035
07/04/24, 1000000 @ -O2, 0.101096
07/04/24, 1000000 @ -O3, 0.102368
07/04/24, 5000000 @ -O0, 4.106183
07/04/24, 5000000 @ -O1, 3.414891
07/04/24, 5000000 @ -O2, 4.015950
07/04/24, 5000000 @ -O3, 4.148222
07/04/24, 10000000 @ -O0, 16.936280
07/04/24, 10000000 @ -O1, 14.134175
07/04/24, 10000000 @ -O2, 15.932814
07/04/24, 10000000 @ -O3, 14.349860
08/04/24, 500000 @ -O0, 0.035716
08/04/24, 500000 @ -O1, 0.036715
08/04/24, 500000 @ -O2, 0.036904
08/04/24, 500000 @ -O3, 0.036488
08/04/24, 1000000 @ -O0, 0.099229
08/04/24, 1000000 @ -O1, 0.100930
08/04/24, 1000000 @ -O2, 0.101335
08/04/24, 1000000 @ -O3, 0.101231
08/04/24, 5000000 @ -O0, 3.784632
08/04/24, 5000000 @ -O1, 3.936020
08/04/24, 5000000 @ -O2, 3.798411
08/04/24, 5000000 @ -O3, 3.847824
08/04/24, 10000000 @ -O0, 14.835465
08/04/24, 10000000 @ -O1, 15.553010
08/04/24, 10000000 @ -O2, 15.329736
08/04/24, 10000000 @ -O3, 15.515983
09/04/24, 500000 @ -O0, 0.035411
09/04/24, 500000 @ -O1, 0.037179
09/04/24, 500000 @ -O2, 0.036865
09/04/24, 500000 @ -O3, 0.037030
09/04/24, 1000000 @ -O0, 0.100824
09/04/24, 1000000 @ -O1, 0.101036
09/04/24, 1000000 @ -O2, 0.103791
09/04/24, 1000000 @ -O3, 0.102978
09/04/24, 5000000 @ -O0, 4.239251
09/04/24, 5000000 @ -O1, 4.458660
09/04/24, 5000000 @ -O2, 4.322275
09/04/24, 5000000 @ -O3, 4.485424
09/04/24, 10000000 @ -O0, 16.006124
09/04/24, 10000000 @ -O1, 16.836046
09/04/24, 10000000 @ -O2, 17.035471
09/04/24, 10000000 @ -O3, 17.429899
10/04/24, 500000 @ -O0, 0.036368
10/04/24, 500000 @ -O1, 0.037035
10/04/24, 500000 @ -O2, 0.037213
10/04/24, 500000 @ -O3, 0.037231
10/04/24, 1000000 @ -O0, 0.100517
10/04/24, 1000000 @ -O1, 0.101747
10/04/24, 1000000 @ -O2, 0.101382
10/04/24, 1000000 @ -O3, 0.102281
10/04/24, 5000000 @ -O0, 3.810147
10/04/24, 5000000 @ -O1, 3.496257
10/04/24, 5000000 @ -O2, 3.541324
10/04/24, 5000000 @ -O3, 3.833504
10/04/24, 10000000 @ -O0, 14.943844
10/04/24, 10000000 @ -O1, 14.311741
10/04/24, 10000000 @ -O2, 15.535530
10/04/24, 10000000 @ -O3, 13.478907
11/04/24, 500000 @ -O0, 0.036987
11/04/24, 500000 @ -O1, 0.036929
11/04/24, 500000 @ -O2, 0.036863
11/04/24, 500000 @ -O3, 0.037214
11/04/24, 1000000 @ -O0, 0.098320
11/04/24, 1000000 @ -O1, 0.100936
11/04/24, 1000000 @ -O2, 0.101520
11/04/24, 1000000 @ -O3, 0.101604
11/04/24, 5000000 @ -O0, 3.399710
11/04/24, 5000000 @ -O1, 3.782960
11/04/24, 5000000 @ -O2, 3.659650
11/04/24, 5000000 @ -O3, 3.591021
11/04/24, 10000000 @ -O0, 14.786709
11/04/24, 10000000 @ -O1, 14.888225
11/04/24, 10000000 @ -O2, 14.587183
11/04/24, 10000000 @ -O3, 14.674737
12/04/24, 500000 @ -O0, 0.036388
12/04/24, 500000 @ -O1, 0.037209
12/04/24, 500000 @ -O2, 0.037100
12/04/24, 500000 @ -O3, 0.037771
12/04/24, 1000000 @ -O0, 0.114097
12/04/24, 1000000 @ -O1, 0.158671
12/04/24, 1000000 @ -O2, 0.127559
12/04/24, 1000000 @ -O3, 0.149810
12/04/24, 5000000 @ -O0, 6.091120
12/04/24, 5000000 @ -O1, 6.206504
12/04/24, 5000000 @ -O2, 6.259089
12/04/24, 5000000 @ -O3, 6.276785
12/04/24, 10000000 @ -O0, 17.597986
12/04/24, 10000000 @ -O1, 17.251654
12/04/24, 10000000 @ -O2, 17.096002
12/04/24, 10000000 @ -O3, 17.973059
13/04/24, 500000 @ -O0, 0.036223
13/04/24, 500000 @ -O1, 0.036761
13/04/24, 500000 @ -O2, 0.037398
13/04/24, 500000 @ -O3, 0.036772
13/04/24, 1000000 @ -O0, 0.098982
13/04/24, 1000000 @ -O1, 0.101232
13/04/24, 1000000 @ -O2, 0.101574
13/04/24, 1000000 @ -O3, 0.101618
13/04/24, 5000000 @ -O0, 4.279164
13/04/24, 5000000 @ -O1, 4.087366
13/04/24, 5000000 @ -O2, 4.097009
13/04/24, 5000000 @ -O3, 4.074574
13/04/24, 10000000 @ -O0, 16.860760
13/04/24, 10000000 @ -O1, 15.591898
13/04/24, 10000000 @ -O2, 14.574045
13/04/24, 10000000 @ -O3, 14.619637
14/04/24, 500000 @ -O0, 0.036844
14/04/24, 500000 @ -O1, 0.037037
14/04/24, 500000 @ -O2, 0.037172
14/04/24, 500000 @ -O3, 0.037318
14/04/24, 1000000 @ -O0, 0.103285
14/04/24, 1000000 @ -O1, 0.102347
14/04/24, 1000000 @ -O2, 0.102335
14/04/24, 1000000 @ -O3, 0.104579
14/04/24, 5000000 @ -O0, 6.115335
14/04/24, 5000000 @ -O1, 6.071793
14/04/24, 5000000 @ -O2, 6.127482
14/04/24, 5000000 @ -O3, 5.956127
14/04/24, 10000000 @ -O0, 17.511606
14/04/24, 10000000 @ -O1, 17.761513
14/04/24, 10000000 @ -O2, 17.829848
14/04/24, 10000000 @ -O3, 17.911964
15/04/24, 500000 @ -O0, 0.035957
15/04/24, 500000 @ -O1, 0.036552
15/04/24, 500000 @ -O2, 0.036217
15/04/24, 500000 @ -O3, 0.036726
15/04/24, 1000000 @ -O0, 0.099748
15/04/24, 1000000 @ -O1, 0.101077
15/04/24, 1000000 @ -O2, 0.101767
15/04/24, 1000000 @ -O3, 0.101683
15/04/24, 5000000 @ -O0, 4.570481
15/04/24, 5000000 @ -O1, 4.499876
15/04/24, 5000000 @ -O2, 4.881094
15/04/24, 5000000 @ -O3, 4.548972
15/04/24, 10000000 @ -O0, 15.800423
15/04/24, 10000000 @ -O1, 16.151182
15/04/24, 10000000 @ -O2, 16.028515
15/04/24, 10000000 @ -O3, 15.932429
16/04/24, 500000 @ -O0, 0.035447
16/04/24, 500000 @ -O1, 0.036384
16/04/24, 500000 @ -O2, 0.036294
16/04/24, 500000 @ -O3, 0.036477
16/04/24, 1000000 @ -O0, 0.097618
16/04/24, 1000000 @ -O1, 0.101022
16/04/24, 1000000 @ -O2, 0.101557
16/04/24, 1000000 @ -O3, 0.102201
16/04/24, 5000000 @ -O0, 3.359449
16/04/24, 5000000 @ -O1, 3.365193
16/04/24, 5000000 @ -O2, 3.371139
16/04/24, 5000000 @ -O3, 3.456447
16/04/24, 10000000 @ -O0, 13.839833
16/04/24, 10000000 @ -O1, 14.177882
16/04/24, 10000000 @ -O2, 14.333480
16/04/24, 10000000 @ -O3, 14.944509
17/04/24, 500000 @ -O0, 0.036271
17/04/24, 500000 @ -O1, 0.036825
17/04/24, 500000 @ -O2, 0.036460
17/04/24, 500000 @ -O3, 0.037804
17/04/24, 1000000 @ -O0, 0.102423
17/04/24, 1000000 @ -O1, 0.102561
17/04/24, 1000000 @ -O2, 0.102128
17/04/24, 1000000 @ -O3, 0.102767
17/04/24, 5000000 @ -O0, 5.662522
17/04/24, 5000000 @ -O1, 5.710847
17/04/24, 5000000 @ -O2, 5.900829
17/04/24, 5000000 @ -O3, 5.689788
17/04/24, 10000000 @ -O0, 17.892702
17/04/24, 10000000 @ -O1, 17.882696
17/04/24, 10000000 @ -O2, 18.073851
17/04/24, 10000000 @ -O3, 17.959985
18/04/24, 500000 @ -O0, 0.036937
18/04/24, 500000 @ -O1, 0.037651
18/04/24, 500000 @ -O2, 0.036962
18/04/24, 500000 @ -O3, 0.036431
18/04/24, 1000000 @ -O0, 0.099549
18/04/24, 1000000 @ -O1, 0.102459
18/04/24, 1000000 @ -O2, 0.102125
18/04/24, 1000000 @ -O3, 0.101440
18/04/24, 5000000 @ -O0, 4.593583
18/04/24, 5000000 @ -O1, 5.501033
18/04/24, 5000000 @ -O2, 5.973877
18/04/24, 5000000 @ -O3, 5.500274
18/04/24, 10000000 @ -O0, 15.736308
18/04/24, 10000000 @ -O1, 16.515525
18/04/24, 10000000 @ -O2, 17.118193
18/04/24, 10000000 @ -O3, 16.178684
19/04/24, 500000 @ -O0, 0.036847
19/04/24, 500000 @ -O1, 0.036963
19/04/24, 500000 @ -O2, 0.036978
19/04/24, 500000 @ -O3, 0.036705
19/04/24, 1000000 @ -O0, 0.107715
19/04/24, 1000000 @ -O1, 0.112277
19/04/24, 1000000 @ -O2, 0.115849
19/04/24, 1000000 @ -O3, 0.111815
19/04/24, 5000000 @ -O0, 5.373585
19/04/24, 5000000 @ -O1, 5.577284
19/04/24, 5000000 @ -O2, 5.519932
19/04/24, 5000000 @ -O3, 5.496303
19/04/24, 10000000 @ -O0, 16.908424
19/04/24, 10000000 @ -O1, 17.566991
19/04/24, 10000000 @ -O2, 17.571572
19/04/24, 10000000 @ -O3, 17.616207
20/04/24, 500000 @ -O0, 0.036842
20/04/24, 500000 @ -O1, 0.037296
20/04/24, 500000 @ -O2, 0.036366
20/04/24, 500000 @ -O3, 0.037610
20/04/24, 1000000 @ -O0, 0.101645
20/04/24, 1000000 @ -O1, 0.103294
20/04/24, 1000000 @ -O2, 0.104410
20/04/24, 1000000 @ -O3, 0.102367
20/04/24, 5000000 @ -O0, 4.402409
20/04/24, 5000000 @ -O1, 4.504202
20/04/24, 5000000 @ -O2, 4.497027
20/04/24, 5000000 @ -O3, 4.046810
20/04/24, 10000000 @ -O0, 15.774985
20/04/24, 10000000 @ -O1, 17.520919
20/04/24, 10000000 @ -O2, 14.706305
20/04/24, 10000000 @ -O3, 15.483520
21/04/24, 500000 @ -O0, 0.036522
21/04/24, 500000 @ -O1, 0.036538
21/04/24, 500000 @ -O2, 0.036111
21/04/24, 500000 @ -O3, 0.036612
21/04/24, 1000000 @ -O0, 0.101449
21/04/24, 1000000 @ -O1, 0.101961
21/04/24, 1000000 @ -O2, 0.103019
21/04/24, 1000000 @ -O3, 0.100949
21/04/24, 5000000 @ -O0, 4.018696
21/04/24, 5000000 @ -O1, 4.120149
21/04/24, 5000000 @ -O2, 4.102528
21/04/24, 5000000 @ -O3, 4.115668
21/04/24, 10000000 @ -O0, 15.173650
21/04/24, 10000000 @ -O1, 15.514553
21/04/24, 10000000 @ -O2, 16.395909
21/04/24, 10000000 @ -O3, 16.657527
22/04/24, 500000 @ -O0, 0.037496
22/04/24, 500000 @ -O1, 0.037482
22/04/24, 500000 @ -O2, 0.036521
22/04/24, 500000 @ -O3, 0.037605
22/04/24, 1000000 @ -O0, 0.098628
22/04/24, 1000000 @ -O1, 0.101406
22/04/24, 1000000 @ -O2, 0.102442
22/04/24, 1000000 @ -O3, 0.102511
22/04/24, 5000000 @ -O0, 4.502755
22/04/24, 5000000 @ -O1, 4.437352
22/04/24, 5000000 @ -O2, 4.327660
22/04/24, 5000000 @ -O3, 4.403870
22/04/24, 10000000 @ -O0, 17.053979
22/04/24, 10000000 @ -O1, 17.127182
22/04/24, 10000000 @ -O2, 17.371545
22/04/24, 10000000 @ -O3, 17.967661
23/04/24, 500000 @ -O0, 0.036802
23/04/24, 500000 @ -O1, 0.037413
23/04/24, 500000 @ -O2, 0.037092
23/04/24, 500000 @ -O3, 0.036993
23/04/24, 1000000 @ -O0, 0.101594
23/04/24, 1000000 @ -O1, 0.102850
23/04/24, 1000000 @ -O2, 0.103171
23/04/24, 1000000 @ -O3, 0.103168
23/04/24, 5000000 @ -O0, 4.227757
23/04/24, 5000000 @ -O1, 4.221281
23/04/24, 5000000 @ -O2, 4.618053
23/04/24, 5000000 @ -O3, 5.039397
23/04/24, 10000000 @ -O0, 16.820785
23/04/24, 10000000 @ -O1, 17.534690
23/04/24, 10000000 @ -O2, 16.666478
23/04/24, 10000000 @ -O3, 17.091277
24/04/24, 500000 @ -O0, 0.037071
24/04/24, 500000 @ -O1, 0.037199
24/04/24, 500000 @ -O2, 0.037698
24/04/24, 500000 @ -O3, 0.037072
24/04/24, 1000000 @ -O0, 0.100405
24/04/24, 1000000 @ -O1, 0.102767
24/04/24, 1000000 @ -O2, 0.103738
24/04/24, 1000000 @ -O3, 0.103546
24/04/24, 5000000 @ -O0, 5.017634
24/04/24, 5000000 @ -O1, 5.167321
24/04/24, 5000000 @ -O2, 5.454164
24/04/24, 5000000 @ -O3, 5.062869
24/04/24, 10000000 @ -O0, 16.775145
24/04/24, 10000000 @ -O1, 17.432642
24/04/24, 10000000 @ -O2, 17.115838
24/04/24, 10000000 @ -O3, 17.183252
25/04/24, 500000 @ -O0, 0.035261
25/04/24, 500000 @ -O1, 0.035925
25/04/24, 500000 @ -O2, 0.036430
25/04/24, 500000 @ -O3, 0.036400
25/04/24, 1000000 @ -O0, 0.098226
25/04/24, 1000000 @ -O1, 0.101802
25/04/24, 1000000 @ -O2, 0.102260
25/04/24, 1000000 @ -O3, 0.100597
25/04/24, 5000000 @ -O0, 3.043762
25/04/24, 5000000 @ -O1, 3.130682
25/04/24, 5000000 @ -O2, 3.199704
25/04/24, 5000000 @ -O3, 3.141029
25/04/24, 10000000 @ -O0, 12.978355
25/04/24, 10000000 @ -O1, 13.511627
25/04/24, 10000000 @ -O2, 15.643927
25/04/24, 10000000 @ -O3, 16.723222
26/04/24, 500000 @ -O0, 0.036368
26/04/24, 500000 @ -O1, 0.036777
26/04/24, 500000 @ -O2, 0.037077
26/04/24, 500000 @ -O3, 0.036929
26/04/24, 1000000 @ -O0, 0.099850
26/04/24, 1000000 @ -O1, 0.101613
26/04/24, 1000000 @ -O2, 0.102570
26/04/24, 1000000 @ -O3, 0.102429
26/04/24, 5000000 @ -O0, 4.647320
26/04/24, 5000000 @ -O1, 4.656435
26/04/24, 5000000 @ -O2, 4.842898
26/04/24, 5000000 @ -O3, 5.374029
26/04/24, 10000000 @ -O0, 18.360229
26/04/24, 10000000 @ -O1, 18.027011
26/04/24, 10000000 @ -O2, 18.847052
26/04/24, 10000000 @ -O3, 18.984244
27/04/24, 500000 @ -O0, 0.037045
27/04/24, 500000 @ -O1, 0.037176
27/04/24, 500000 @ -O2, 0.037429
27/04/24, 500000 @ -O3, 0.038236
27/04/24, 1000000 @ -O0, 0.102289
27/04/24, 1000000 @ -O1, 0.100936
27/04/24, 1000000 @ -O2, 0.101520
27/04/24, 1000000 @ -O3, 0.101667
27/04/24, 5000000 @ -O0, 5.795233
27/04/24, 5000000 @ -O1, 5.700567
27/04/24, 5000000 @ -O2, 5.608688
27/04/24, 5000000 @ -O3, 6.002400
27/04/24, 10000000 @ -O0, 16.999699
27/04/24, 10000000 @ -O1, 17.705789
27/04/24, 10000000 @ -O2, 17.450521
27/04/24, 10000000 @ -O3, 17.491350
28/04/24, 500000 @ -O0, 0.036121
28/04/24, 500000 @ -O1, 0.037116
28/04/24, 500000 @ -O2, 0.036475
28/04/24, 500000 @ -O3, 0.036553
28/04/24, 1000000 @ -O0, 0.098343
28/04/24, 1000000 @ -O1, 0.101744
28/04/24, 1000000 @ -O2, 0.103840
28/04/24, 1000000 @ -O3, 0.106643
28/04/24, 5000000 @ -O0, 3.647874
28/04/24, 5000000 @ -O1, 3.918108
28/04/24, 5000000 @ -O2, 3.707841
28/04/24, 5000000 @ -O3, 3.630007
28/04/24, 10000000 @ -O0, 14.141018
28/04/24, 10000000 @ -O1, 15.708562
28/04/24, 10000000 @ -O2, 15.564144
28/04/24, 10000000 @ -O3, 14.825320
29/04/24, 500000 @ -O0, 0.036749
29/04/24, 500000 @ -O1, 0.036988
29/04/24, 500000 @ -O2, 0.037344
29/04/24, 500000 @ -O3, 0.037387
29/04/24, 1000000 @ -O0, 0.099667
29/04/24, 1000000 @ -O1, 0.102506
29/04/24, 1000000 @ -O2, 0.101515
29/04/24, 1000000 @ -O3, 0.103041
29/04/24, 5000000 @ -O0, 3.978548
29/04/24, 5000000 @ -O1, 4.227525
29/04/24, 5000000 @ -O2, 5.289203
29/04/24, 5000000 @ -O3, 4.328526
29/04/24, 10000000 @ -O0, 16.475565
29/04/24, 10000000 @ -O1, 16.696169
29/04/24, 10000000 @ -O2, 16.025839
29/04/24, 10000000 @ -O3, 17.927499
30/04/24, 500000 @ -O0, 0.036448
30/04/24, 500000 @ -O1, 0.036597
30/04/24, 500000 @ -O2, 0.037191
30/04/24, 500000 @ -O3, 0.036715
30/04/24, 1000000 @ -O0, 0.100343
30/04/24, 1000000 @ -O1, 0.102142
30/04/24, 1000000 @ -O2, 0.102045
30/04/24, 1000000 @ -O3, 0.101659
30/04/24, 5000000 @ -O0, 4.358110
30/04/24, 5000000 @ -O1, 4.565425
30/04/24, 5000000 @ -O2, 4.614938
30/04/24, 5000000 @ -O3, 4.572491
30/04/24, 10000000 @ -O0, 16.191820
30/04/24, 10000000 @ -O1, 16.269810
30/04/24, 10000000 @ -O2, 16.449280
30/04/24, 10000000 @ -O3, 16.422748
01/05/24, 500000 @ -O0, 0.035369
01/05/24, 500000 @ -O1, 0.036400
01/05/24, 500000 @ -O2, 0.036780
01/05/24, 500000 @ -O3, 0.036440
01/05/24, 1000000 @ -O0, 0.097466
01/05/24, 1000000 @ -O1, 0.100878
01/05/24, 1000000 @ -O2, 0.101043
01/05/24, 1000000 @ -O3, 0.100805
01/05/24, 5000000 @ -O0, 3.085720
01/05/24, 5000000 @ -O1, 3.235072
01/05/24, 5000000 @ -O2, 3.378683
01/05/24, 5000000 @ -O3, 3.231075
01/05/24, 10000000 @ -O0, 12.685611
01/05/24, 10000000 @ -O1, 15.690844
01/05/24, 10000000 @ -O2, 15.166407
01/05/24, 10000000 @ -O3, 15.607713
02/05/24, 500000 @ -O0, 0.035621
02/05/24, 500000 @ -O1, 0.036697
02/05/24, 500000 @ -O2, 0.036938
02/05/24, 500000 @ -O3, 0.036308
02/05/24, 1000000 @ -O0, 0.098312
02/05/24, 1000000 @ -O1, 0.100910
02/05/24, 1000000 @ -O2, 0.101829
02/05/24, 1000000 @ -O3, 0.101261
02/05/24, 5000000 @ -O0, 4.347671
02/05/24, 5000000 @ -O1, 4.636124
02/05/24, 5000000 @ -O2, 3.775519
02/05/24, 5000000 @ -O3, 3.941415
02/05/24, 10000000 @ -O0, 15.076887
02/05/24, 10000000 @ -O1, 15.261205
02/05/24, 10000000 @ -O2, 15.317184
02/05/24, 10000000 @ -O3, 15.980553
03/05/24, 500000 @ -O0, 0.036707
03/05/24, 500000 @ -O1, 0.037050
03/05/24, 500000 @ -O2, 0.037032
03/05/24, 500000 @ -O3, 0.036893
03/05/24, 1000000 @ -O0, 0.100377
03/05/24, 1000000 @ -O1, 0.101163
03/05/24, 1000000 @ -O2, 0.102856
03/05/24, 1000000 @ -O3, 0.103562
03/05/24, 5000000 @ -O0, 5.746708
03/05/24, 5000000 @ -O1, 5.817515
03/05/24, 5000000 @ -O2, 6.046397
03/05/24, 5000000 @ -O3, 6.050068
03/05/24, 10000000 @ -O0, 17.702153
03/05/24, 10000000 @ -O1, 17.644059
03/05/24, 10000000 @ -O2, 17.657280
03/05/24, 10000000 @ -O3, 18.406058
04/05/24, 500000 @ -O0, 0.035255
04/05/24, 500000 @ -O1, 0.036327
04/05/24, 500000 @ -O2, 0.036106
04/05/24, 500000 @ -O3, 0.035994
04/05/24, 1000000 @ -O0, 0.100602
04/05/24, 1000000 @ -O1, 0.101859
04/05/24, 1000000 @ -O2, 0.102435
04/05/24, 1000000 @ -O3, 0.102415
04/05/24, 5000000 @ -O0, 3.043476
04/05/24, 5000000 @ -O1, 3.167065
04/05/24, 5000000 @ -O2, 3.100965
04/05/24, 5000000 @ -O3, 3.138970
04/05/24, 10000000 @ -O0, 12.703947
04/05/24, 10000000 @ -O1, 13.109867
04/05/24, 10000000 @ -O2, 13.132622
04/05/24, 10000000 @ -O3, 13.083891
05/05/24, 500000 @ -O0, 0.035834
05/05/24, 500000 @ -O1, 0.036913
05/05/24, 500000 @ -O2, 0.036853
05/05/24, 500000 @ -O3, 0.036478
05/05/24, 1000000 @ -O0, 0.099699
05/05/24, 1000000 @ -O1, 0.100691
05/05/24, 1000000 @ -O2, 0.102065
05/05/24, 1000000 @ -O3, 0.102310
05/05/24, 5000000 @ -O0, 3.517466
05/05/24, 5000000 @ -O1, 4.087244
05/05/24, 5000000 @ -O2, 4.298062
05/05/24, 5000000 @ -O3, 4.100077
05/05/24, 10000000 @ -O0, 15.549790
05/05/24, 10000000 @ -O1, 15.532901
05/05/24, 10000000 @ -O2, 15.206569
05/05/24, 10000000 @ -O3, 15.544185
06/05/24, 500000 @ -O0, 0.036641
06/05/24, 500000 @ -O1, 0.036954
06/05/24, 500000 @ -O2, 0.038272
06/05/24, 500000 @ -O3, 0.036255
06/05/24, 1000000 @ -O0, 0.099654
06/05/24, 1000000 @ -O1, 0.102190
06/05/24, 1000000 @ -O2, 0.101336
06/05/24, 1000000 @ -O3, 0.100958
06/05/24, 5000000 @ -O0, 3.455588
06/05/24, 5000000 @ -O1, 4.809984
06/05/24, 5000000 @ -O2, 4.618246
06/05/24, 5000000 @ -O3, 4.505138
06/05/24, 10000000 @ -O0, 16.324063
06/05/24, 10000000 @ -O1, 16.478050
06/05/24, 10000000 @ -O2, 17.704432
06/05/24, 10000000 @ -O3, 15.380879
07/05/24, 500000 @ -O0, 0.036436
07/05/24, 500000 @ -O1, 0.036181
07/05/24, 500000 @ -O2, 0.037131
07/05/24, 500000 @ -O3, 0.036553
07/05/24, 1000000 @ -O0, 0.099645
07/05/24, 1000000 @ -O1, 0.100832
07/05/24, 1000000 @ -O2, 0.101340
07/05/24, 1000000 @ -O3, 0.101551
07/05/24, 5000000 @ -O0, 4.954672
07/05/24, 5000000 @ -O1, 5.545984
07/05/24, 5000000 @ -O2, 5.395211
07/05/24, 5000000 @ -O3, 4.985747
07/05/24, 10000000 @ -O0, 16.076641
07/05/24, 10000000 @ -O1, 16.777976
07/05/24, 10000000 @ -O2, 16.950704
07/05/24, 10000000 @ -O3, 15.035892
08/05/24, 500000 @ -O0, 0.035678
08/05/24, 500000 @ -O1, 0.036528
08/05/24, 500000 @ -O2, 0.036392
08/05/24, 500000 @ -O3, 0.036314
08/05/24, 1000000 @ -O0, 0.099308
08/05/24, 1000000 @ -O1, 0.100509
08/05/24, 1000000 @ -O2, 0.100806
08/05/24, 1000000 @ -O3, 0.102244
08/05/24, 5000000 @ -O0, 3.204527
08/05/24, 5000000 @ -O1, 3.249899
08/05/24, 5000000 @ -O2, 3.301842
08/05/24, 5000000 @ -O3, 3.217780
08/05/24, 10000000 @ -O0, 12.975963
08/05/24, 10000000 @ -O1, 13.442898
08/05/24, 10000000 @ -O2, 13.538372
08/05/24, 10000000 @ -O3, 13.402952
09/05/24, 500000 @ -O0, 0.035681
09/05/24, 500000 @ -O1, 0.036733
09/05/24, 500000 @ -O2, 0.036960
09/05/24, 500000 @ -O3, 0.036540
09/05/24, 1000000 @ -O0, 0.100710
09/05/24, 1000000 @ -O1, 0.102344
09/05/24, 1000000 @ -O2, 0.102009
09/05/24, 1000000 @ -O3, 0.101598
09/05/24, 5000000 @ -O0, 3.527999
09/05/24, 5000000 @ -O1, 3.653637
09/05/24, 5000000 @ -O2, 3.889727
09/05/24, 5000000 @ -O3, 3.659220
09/05/24, 10000000 @ -O0, 14.957678
09/05/24, 10000000 @ -O1, 15.304790
09/05/24, 10000000 @ -O2, 15.614167
09/05/24, 10000000 @ -O3, 14.990832
10/05/24, 500000 @ -O0, 0.035248
10/05/24, 500000 @ -O1, 0.036344
10/05/24, 500000 @ -O2, 0.036609
10/05/24, 500000 @ -O3, 0.036452
10/05/24, 1000000 @ -O0, 0.098952
10/05/24, 1000000 @ -O1, 0.101131
10/05/24, 1000000 @ -O2, 0.101384
10/05/24, 1000000 @ -O3, 0.101183
10/05/24, 5000000 @ -O0, 3.838606
10/05/24, 5000000 @ -O1, 3.936865
10/05/24, 5000000 @ -O2, 4.973633
10/05/24, 5000000 @ -O3, 4.235966
10/05/24, 10000000 @ -O0, 16.247508
10/05/24, 10000000 @ -O1, 15.806541
10/05/24, 10000000 @ -O2, 15.534991
10/05/24, 10000000 @ -O3, 16.095418
11/05/24, 500000 @ -O0, 0.035750
11/05/24, 500000 @ -O1, 0.036508
11/05/24, 500000 @ -O2, 0.036424
11/05/24, 500000 @ -O3, 0.036328
11/05/24, 1000000 @ -O0, 0.098688
11/05/24, 1000000 @ -O1, 0.100760
11/05/24, 1000000 @ -O2, 0.100961
11/05/24, 1000000 @ -O3, 0.100759
11/05/24, 5000000 @ -O0, 3.162303
11/05/24, 5000000 @ -O1, 3.276013
11/05/24, 5000000 @ -O2, 3.300652
11/05/24, 5000000 @ -O3, 3.287060
11/05/24, 10000000 @ -O0, 13.227236
11/05/24, 10000000 @ -O1, 13.647444
11/05/24, 10000000 @ -O2, 13.552189
11/05/24, 10000000 @ -O3, 13.433980
12/05/24, 500000 @ -O0, 0.035466
12/05/24, 500000 @ -O1, 0.036126
12/05/24, 500000 @ -O2, 0.036402
12/05/24, 500000 @ -O3, 0.036379
12/05/24, 1000000 @ -O0, 0.098937
12/05/24, 1000000 @ -O1, 0.100199
12/05/24, 1000000 @ -O2, 0.100674
12/05/24, 1000000 @ -O3, 0.101028
12/05/24, 5000000 @ -O0, 3.074701
12/05/24, 5000000 @ -O1, 3.186727
12/05/24, 5000000 @ -O2, 3.192667
12/05/24, 5000000 @ -O3, 3.197677
12/05/24, 10000000 @ -O0, 13.313061
12/05/24, 10000000 @ -O1, 13.155507
12/05/24, 10000000 @ -O2, 13.208613
12/05/24, 10000000 @ -O3, 12.941741
13/05/24, 500000 @ -O0, 0.036992
13/05/24, 500000 @ -O1, 0.037015
13/05/24, 500000 @ -O2, 0.037117
13/05/24, 500000 @ -O3, 0.037396
13/05/24, 1000000 @ -O0, 0.101782
13/05/24, 1000000 @ -O1, 0.102852
13/05/24, 1000000 @ -O2, 0.103435
13/05/24, 1000000 @ -O3, 0.102457
13/05/24, 5000000 @ -O0, 3.547386
13/05/24, 5000000 @ -O1, 3.618044
13/05/24, 5000000 @ -O2, 3.679066
13/05/24, 5000000 @ -O3, 3.632104
13/05/24, 10000000 @ -O0, 14.367188
13/05/24, 10000000 @ -O1, 14.672257
13/05/24, 10000000 @ -O2, 15.018241
13/05/24, 10000000 @ -O3, 14.952517
14/05/24, 500000 @ -O0, 0.035989
14/05/24, 500000 @ -O1, 0.036916
14/05/24, 500000 @ -O2, 0.036543
14/05/24, 500000 @ -O3, 0.036983
14/05/24, 1000000 @ -O0, 0.101598
14/05/24, 1000000 @ -O1, 0.102762
14/05/24, 1000000 @ -O2, 0.101712
14/05/24, 1000000 @ -O3, 0.102020
14/05/24, 5000000 @ -O0, 4.098224
14/05/24, 5000000 @ -O1, 4.211001
14/05/24, 5000000 @ -O2, 4.259980
14/05/24, 5000000 @ -O3, 4.498467
14/05/24, 10000000 @ -O0, 15.224310
14/05/24, 10000000 @ -O1, 15.909875
14/05/24, 10000000 @ -O2, 15.765562
14/05/24, 10000000 @ -O3, 15.513576
15/05/24, 500000 @ -O0, 0.036464
15/05/24, 500000 @ -O1, 0.036712
15/05/24, 500000 @ -O2, 0.037728
15/05/24, 500000 @ -O3, 0.037524
15/05/24, 1000000 @ -O0, 0.100872
15/05/24, 1000000 @ -O1, 0.102401
15/05/24, 1000000 @ -O2, 0.103333
15/05/24, 1000000 @ -O3, 0.101767
15/05/24, 5000000 @ -O0, 4.726401
15/05/24, 5000000 @ -O1, 4.675099
15/05/24, 5000000 @ -O2, 4.651422
15/05/24, 5000000 @ -O3, 4.977159
15/05/24, 10000000 @ -O0, 16.603311
15/05/24, 10000000 @ -O1, 17.023286
15/05/24, 10000000 @ -O2, 16.893035
15/05/24, 10000000 @ -O3, 16.721598
16/05/24, 500000 @ -O0, 0.036452
16/05/24, 500000 @ -O1, 0.036794
16/05/24, 500000 @ -O2, 0.037200
16/05/24, 500000 @ -O3, 0.038263
16/05/24, 1000000 @ -O0, 0.105274
16/05/24, 1000000 @ -O1, 0.105220
16/05/24, 1000000 @ -O2, 0.106350
16/05/24, 1000000 @ -O3, 0.109550
16/05/24, 5000000 @ -O0, 5.592020
16/05/24, 5000000 @ -O1, 5.496647
16/05/24, 5000000 @ -O2, 5.506061
16/05/24, 5000000 @ -O3, 5.649506
16/05/24, 10000000 @ -O0, 16.120948
16/05/24, 10000000 @ -O1, 16.766291
16/05/24, 10000000 @ -O2, 16.765352
16/05/24, 10000000 @ -O3, 17.684124
17/05/24, 500000 @ -O0, 0.036548
17/05/24, 500000 @ -O1, 0.036850
17/05/24, 500000 @ -O2, 0.037363
17/05/24, 500000 @ -O3, 0.036857
17/05/24, 1000000 @ -O0, 0.101120
17/05/24, 1000000 @ -O1, 0.101602
17/05/24, 1000000 @ -O2, 0.102619
17/05/24, 1000000 @ -O3, 0.102629
17/05/24, 5000000 @ -O0, 3.539034
17/05/24, 5000000 @ -O1, 3.510975
17/05/24, 5000000 @ -O2, 3.641370
17/05/24, 5000000 @ -O3, 3.533138
17/05/24, 10000000 @ -O0, 14.494848
17/05/24, 10000000 @ -O1, 15.638285
17/05/24, 10000000 @ -O2, 14.748451
17/05/24, 10000000 @ -O3, 15.825790
18/05/24, 500000 @ -O0, 0.036678
18/05/24, 500000 @ -O1, 0.037293
18/05/24, 500000 @ -O2, 0.036866
18/05/24, 500000 @ -O3, 0.036916
18/05/24, 1000000 @ -O0, 0.100918
18/05/24, 1000000 @ -O1, 0.101616
18/05/24, 1000000 @ -O2, 0.101947
18/05/24, 1000000 @ -O3, 0.102948
18/05/24, 5000000 @ -O0, 3.563653
18/05/24, 5000000 @ -O1, 3.679451
18/05/24, 5000000 @ -O2, 3.687076
18/05/24, 5000000 @ -O3, 3.695491
18/05/24, 10000000 @ -O0, 14.567144
18/05/24, 10000000 @ -O1, 14.559857
18/05/24, 10000000 @ -O2, 14.698231
18/05/24, 10000000 @ -O3, 14.468622
19/05/24, 500000 @ -O0, 0.036488
19/05/24, 500000 @ -O1, 0.037635
19/05/24, 500000 @ -O2, 0.037069
19/05/24, 500000 @ -O3, 0.037041
19/05/24, 1000000 @ -O0, 0.100946
19/05/24, 1000000 @ -O1, 0.102528
19/05/24, 1000000 @ -O2, 0.103217
19/05/24, 1000000 @ -O3, 0.102549
19/05/24, 5000000 @ -O0, 4.881277
19/05/24, 5000000 @ -O1, 5.242487
19/05/24, 5000000 @ -O2, 4.918228
19/05/24, 5000000 @ -O3, 4.976724
19/05/24, 10000000 @ -O0, 17.031363
19/05/24, 10000000 @ -O1, 17.622184
19/05/24, 10000000 @ -O2, 17.557288
19/05/24, 10000000 @ -O3, 17.268822
20/05/24, 500000 @ -O0, 0.036314
20/05/24, 500000 @ -O1, 0.036805
20/05/24, 500000 @ -O2, 0.037289
20/05/24, 500000 @ -O3, 0.036787
20/05/24, 1000000 @ -O0, 0.099325
20/05/24, 1000000 @ -O1, 0.101434
20/05/24, 1000000 @ -O2, 0.102572
20/05/24, 1000000 @ -O3, 0.102446
20/05/24, 5000000 @ -O0, 3.531566
20/05/24, 5000000 @ -O1, 3.746374
20/05/24, 5000000 @ -O2, 3.758962
20/05/24, 5000000 @ -O3, 3.858852
20/05/24, 10000000 @ -O0, 14.859473
20/05/24, 10000000 @ -O1, 14.456861
20/05/24, 10000000 @ -O2, 15.962851
20/05/24, 10000000 @ -O3, 15.397771
21/05/24, 500000 @ -O0, 0.035955
21/05/24, 500000 @ -O1, 0.036176
21/05/24, 500000 @ -O2, 0.036580
21/05/24, 500000 @ -O3, 0.037494
21/05/24, 1000000 @ -O0, 0.101740
21/05/24, 1000000 @ -O1, 0.103809
21/05/24, 1000000 @ -O2, 0.102962
21/05/24, 1000000 @ -O3, 0.103035
21/05/24, 5000000 @ -O0, 4.421790
21/05/24, 5000000 @ -O1, 3.785198
21/05/24, 5000000 @ -O2, 3.999571
21/05/24, 5000000 @ -O3, 4.343415
21/05/24, 10000000 @ -O0, 16.390249
21/05/24, 10000000 @ -O1, 15.423532
21/05/24, 10000000 @ -O2, 15.262541
21/05/24, 10000000 @ -O3, 15.328749
22/05/24, 500000 @ -O0, 0.036814
22/05/24, 500000 @ -O1, 0.036685
22/05/24, 500000 @ -O2, 0.037058
22/05/24, 500000 @ -O3, 0.036877
22/05/24, 1000000 @ -O0, 0.103245
22/05/24, 1000000 @ -O1, 0.104988
22/05/24, 1000000 @ -O2, 0.103481
22/05/24, 1000000 @ -O3, 0.103085
22/05/24, 5000000 @ -O0, 5.772677
22/05/24, 5000000 @ -O1, 5.950314
22/05/24, 5000000 @ -O2, 6.081165
22/05/24, 5000000 @ -O3, 5.983857
22/05/24, 10000000 @ -O0, 17.057773
22/05/24, 10000000 @ -O1, 17.613900
22/05/24, 10000000 @ -O2, 17.712859
22/05/24, 10000000 @ -O3, 17.690818
23/05/24, 500000 @ -O0, 0.037375
23/05/24, 500000 @ -O1, 0.037615
23/05/24, 500000 @ -O2, 0.036831
23/05/24, 500000 @ -O3, 0.036764
23/05/24, 1000000 @ -O0, 0.099689
23/05/24, 1000000 @ -O1, 0.103336
23/05/24, 1000000 @ -O2, 0.104519
23/05/24, 1000000 @ -O3, 0.103304
23/05/24, 5000000 @ -O0, 5.007643
23/05/24, 5000000 @ -O1, 6.045682
23/05/24, 5000000 @ -O2, 5.343097
23/05/24, 5000000 @ -O3, 5.178613
23/05/24, 10000000 @ -O0, 17.252160
23/05/24, 10000000 @ -O1, 17.300125
23/05/24, 10000000 @ -O2, 17.398301
23/05/24, 10000000 @ -O3, 17.087136
24/05/24, 500000 @ -O0, 0.036032
24/05/24, 500000 @ -O1, 0.037003
24/05/24, 500000 @ -O2, 0.036403
24/05/24, 500000 @ -O3, 0.036336
24/05/24, 1000000 @ -O0, 0.100970
24/05/24, 1000000 @ -O1, 0.102551
24/05/24, 1000000 @ -O2, 0.102642
24/05/24, 1000000 @ -O3, 0.102530
24/05/24, 5000000 @ -O0, 3.726058
24/05/24, 5000000 @ -O1, 4.205871
24/05/24, 5000000 @ -O2, 4.225228
24/05/24, 5000000 @ -O3, 3.809478
24/05/24, 10000000 @ -O0, 16.230495
24/05/24, 10000000 @ -O1, 15.447551
24/05/24, 10000000 @ -O2, 16.689287
24/05/24, 10000000 @ -O3, 16.129619
25/05/24, 500000 @ -O0, 0.036073
25/05/24, 500000 @ -O1, 0.036711
25/05/24, 500000 @ -O2, 0.036320
25/05/24, 500000 @ -O3, 0.036901
25/05/24, 1000000 @ -O0, 0.098319
25/05/24, 1000000 @ -O1, 0.101964
25/05/24, 1000000 @ -O2, 0.101823
25/05/24, 1000000 @ -O3, 0.102167
25/05/24, 5000000 @ -O0, 3.026720
25/05/24, 5000000 @ -O1, 3.069371
25/05/24, 5000000 @ -O2, 3.149243
25/05/24, 5000000 @ -O3, 3.081274
25/05/24, 10000000 @ -O0, 12.490618
25/05/24, 10000000 @ -O1, 13.061716
25/05/24, 10000000 @ -O2, 12.673708
25/05/24, 10000000 @ -O3, 13.061337
26/05/24, 500000 @ -O0, 0.035707
26/05/24, 500000 @ -O1, 0.037191
26/05/24, 500000 @ -O2, 0.037149
26/05/24, 500000 @ -O3, 0.036333
26/05/24, 1000000 @ -O0, 0.099334
26/05/24, 1000000 @ -O1, 0.102590
26/05/24, 1000000 @ -O2, 0.102594
26/05/24, 1000000 @ -O3, 0.100941
26/05/24, 5000000 @ -O0, 3.170862
26/05/24, 5000000 @ -O1, 3.339573
26/05/24, 5000000 @ -O2, 3.310541
26/05/24, 5000000 @ -O3, 3.343100
26/05/24, 10000000 @ -O0, 13.545473
26/05/24, 10000000 @ -O1, 13.769581
26/05/24, 10000000 @ -O2, 14.234045
26/05/24, 10000000 @ -O3, 13.888444
27/05/24, 500000 @ -O0, 0.036067
27/05/24, 500000 @ -O1, 0.037945
27/05/24, 500000 @ -O2, 0.037293
27/05/24, 500000 @ -O3, 0.037548
27/05/24, 1000000 @ -O0, 0.100169
27/05/24, 1000000 @ -O1, 0.100876
27/05/24, 1000000 @ -O2, 0.105000
27/05/24, 1000000 @ -O3, 0.102717
27/05/24, 5000000 @ -O0, 4.545859
27/05/24, 5000000 @ -O1, 4.684733
27/05/24, 5000000 @ -O2, 4.576581
27/05/24, 5000000 @ -O3, 4.530432
27/05/24, 10000000 @ -O0, 15.786854
27/05/24, 10000000 @ -O1, 16.337195
27/05/24, 10000000 @ -O2, 15.828877
27/05/24, 10000000 @ -O3, 15.755231
28/05/24, 500000 @ -O0, 0.037721
28/05/24, 500000 @ -O1, 0.037824
28/05/24, 500000 @ -O2, 0.037508
28/05/24, 500000 @ -O3, 0.037747
28/05/24, 1000000 @ -O0, 0.101770
28/05/24, 1000000 @ -O1, 0.103899
28/05/24, 1000000 @ -O2, 0.106580
28/05/24, 1000000 @ -O3, 0.106282
28/05/24, 5000000 @ -O0, 5.440065
28/05/24, 5000000 @ -O1, 5.611591
28/05/24, 5000000 @ -O2, 5.717878
28/05/24, 5000000 @ -O3, 5.640923
28/05/24, 10000000 @ -O0, 17.295852
28/05/24, 10000000 @ -O1, 17.673743
28/05/24, 10000000 @ -O2, 18.250118
28/05/24, 10000000 @ -O3, 18.185780
29/05/24, 500000 @ -O0, 0.036746
29/05/24, 500000 @ -O1, 0.037202
29/05/24, 500000 @ -O2, 0.036186
29/05/24, 500000 @ -O3, 0.037118
29/05/24, 1000000 @ -O0, 0.099454
29/05/24, 1000000 @ -O1, 0.101094
29/05/24, 1000000 @ -O2, 0.102099
29/05/24, 1000000 @ -O3, 0.102466
29/05/24, 5000000 @ -O0, 4.893797
29/05/24, 5000000 @ -O1, 5.197997
29/05/24, 5000000 @ -O2, 5.330979
29/05/24, 5000000 @ -O3, 4.885015
29/05/24, 10000000 @ -O0, 16.163600
29/05/24, 10000000 @ -O1, 16.775614
29/05/24, 10000000 @ -O2, 16.830728
29/05/24, 10000000 @ -O3, 16.694510
30/05/24, 500000 @ -O0, 0.036175
30/05/24, 500000 @ -O1, 0.037228
30/05/24, 500000 @ -O2, 0.037406
30/05/24, 500000 @ -O3, 0.037422
30/05/24, 1000000 @ -O0, 0.100094
30/05/24, 1000000 @ -O1, 0.103406
30/05/24, 1000000 @ -O2, 0.103706
30/05/24, 1000000 @ -O3, 0.103423
30/05/24, 5000000 @ -O0, 4.141737
30/05/24, 5000000 @ -O1, 4.299672
30/05/24, 5000000 @ -O2, 4.397667
30/05/24, 5000000 @ -O3, 4.383201
30/05/24, 10000000 @ -O0, 17.002375
30/05/24, 10000000 @ -O1, 16.493812
30/05/24, 10000000 @ -O2, 16.184018
30/05/24, 10000000 @ -O3, 16.123926
31/05/24, 500000 @ -O0, 0.036120
31/05/24, 500000 @ -O1, 0.036777
31/05/24, 500000 @ -O2, 0.036841
31/05/24, 500000 @ -O3, 0.036813
31/05/24, 1000000 @ -O0, 0.099932
31/05/24, 1000000 @ -O1, 0.101566
31/05/24, 1000000 @ -O2, 0.102173
31/05/24, 1000000 @ -O3, 0.101560
31/05/24, 5000000 @ -O0, 4.011280
31/05/24, 5000000 @ -O1, 4.140100
31/05/24, 5000000 @ -O2, 4.097170
31/05/24, 5000000 @ -O3, 4.376071
31/05/24, 10000000 @ -O0, 15.743277
31/05/24, 10000000 @ -O1, 14.906136
31/05/24, 10000000 @ -O2, 14.474940
31/05/24, 10000000 @ -O3, 14.773964
01/06/24, 500000 @ -O0, 0.035977
01/06/24, 500000 @ -O1, 0.036872
01/06/24, 500000 @ -O2, 0.037033
01/06/24, 500000 @ -O3, 0.036734
01/06/24, 1000000 @ -O0, 0.099613
01/06/24, 1000000 @ -O1, 0.101940
01/06/24, 1000000 @ -O2, 0.102511
01/06/24, 1000000 @ -O3, 0.101975
01/06/24, 5000000 @ -O0, 3.756637
01/06/24, 5000000 @ -O1, 3.942965
01/06/24, 5000000 @ -O2, 4.681948
01/06/24, 5000000 @ -O3, 4.925417
01/06/24, 10000000 @ -O0, 14.755622
01/06/24, 10000000 @ -O1, 14.871241
01/06/24, 10000000 @ -O2, 15.627136
01/06/24, 10000000 @ -O3, 15.697927
02/06/24, 500000 @ -O0, 0.037559
02/06/24, 500000 @ -O1, 0.037627
02/06/24, 500000 @ -O2, 0.037907
02/06/24, 500000 @ -O3, 0.037731
02/06/24, 1000000 @ -O0, 0.156539
02/06/24, 1000000 @ -O1, 0.207987
02/06/24, 1000000 @ -O2, 0.184272
02/06/24, 1000000 @ -O3, 0.149747
02/06/24, 5000000 @ -O0, 5.854879
02/06/24, 5000000 @ -O1, 5.781826
02/06/24, 5000000 @ -O2, 5.477554
02/06/24, 5000000 @ -O3, 5.629528
02/06/24, 10000000 @ -O0, 17.512621
02/06/24, 10000000 @ -O1, 17.935082
02/06/24, 10000000 @ -O2, 17.885141
02/06/24, 10000000 @ -O3, 17.957885
03/06/24, 500000 @ -O0, 0.035998
03/06/24, 500000 @ -O1, 0.036617
03/06/24, 500000 @ -O2, 0.036539
03/06/24, 500000 @ -O3, 0.036502
03/06/24, 1000000 @ -O0, 0.099229
03/06/24, 1000000 @ -O1, 0.100720
03/06/24, 1000000 @ -O2, 0.102424
03/06/24, 1000000 @ -O3, 0.102090
03/06/24, 5000000 @ -O0, 3.531026
03/06/24, 5000000 @ -O1, 3.259983
03/06/24, 5000000 @ -O2, 3.291895
03/06/24, 5000000 @ -O3, 4.180245
03/06/24, 10000000 @ -O0, 14.850616
03/06/24, 10000000 @ -O1, 17.539406
03/06/24, 10000000 @ -O2, 15.829212
03/06/24, 10000000 @ -O3, 13.700432
04/06/24, 500000 @ -O0, 0.038188
04/06/24, 500000 @ -O1, 0.039089
04/06/24, 500000 @ -O2, 0.037284
04/06/24, 500000 @ -O3, 0.039327
04/06/24, 1000000 @ -O0, 0.102944
04/06/24, 1000000 @ -O1, 0.106023
04/06/24, 1000000 @ -O2, 0.121944
04/06/24, 1000000 @ -O3, 0.106277
04/06/24, 5000000 @ -O0, 6.292489
04/06/24, 5000000 @ -O1, 6.448110
04/06/24, 5000000 @ -O2, 6.426827
04/06/24, 5000000 @ -O3, 6.557788
04/06/24, 10000000 @ -O0, 18.490972
04/06/24, 10000000 @ -O1, 19.373460
04/06/24, 10000000 @ -O2, 18.950423
04/06/24, 10000000 @ -O3, 19.218366
05/06/24, 500000 @ -O0, 0.036415
05/06/24, 500000 @ -O1, 0.036856
05/06/24, 500000 @ -O2, 0.037428
05/06/24, 500000 @ -O3, 0.037985
05/06/24, 1000000 @ -O0, 0.101970
05/06/24, 1000000 @ -O1, 0.103502
05/06/24, 1000000 @ -O2, 0.103579
05/06/24, 1000000 @ -O3, 0.103875
05/06/24, 5000000 @ -O0, 5.202332
05/06/24, 5000000 @ -O1, 5.023244
05/06/24, 5000000 @ -O2, 5.481085
05/06/24, 5000000 @ -O3, 5.826656
05/06/24, 10000000 @ -O0, 16.972945
05/06/24, 10000000 @ -O1, 18.022695
05/06/24, 10000000 @ -O2, 16.902413
05/06/24, 10000000 @ -O3, 16.299908
06/06/24, 500000 @ -O0, 0.036127
06/06/24, 500000 @ -O1, 0.035983
06/06/24, 500000 @ -O2, 0.036612
06/06/24, 500000 @ -O3, 0.039440
06/06/24, 1000000 @ -O0, 0.167622
06/06/24, 1000000 @ -O1, 0.116953
06/06/24, 1000000 @ -O2, 0.101842
06/06/24, 1000000 @ -O3, 0.102195
06/06/24, 5000000 @ -O0, 3.329717
06/06/24, 5000000 @ -O1, 3.325691
06/06/24, 5000000 @ -O2, 3.150606
06/06/24, 5000000 @ -O3, 3.216290
06/06/24, 10000000 @ -O0, 14.417338
06/06/24, 10000000 @ -O1, 14.310673
06/06/24, 10000000 @ -O2, 14.229448
06/06/24, 10000000 @ -O3, 14.153253
07/06/24, 500000 @ -O0, 0.035898
07/06/24, 500000 @ -O1, 0.036022
07/06/24, 500000 @ -O2, 0.036650
07/06/24, 500000 @ -O3, 0.036629
07/06/24, 1000000 @ -O0, 0.099166
07/06/24, 1000000 @ -O1, 0.100927
07/06/24, 1000000 @ -O2, 0.100926
07/06/24, 1000000 @ -O3, 0.101249
07/06/24, 5000000 @ -O0, 3.357577
07/06/24, 5000000 @ -O1, 3.513111
07/06/24, 5000000 @ -O2, 3.446490
07/06/24, 5000000 @ -O3, 3.506098
07/06/24, 10000000 @ -O0, 13.697951
07/06/24, 10000000 @ -O1, 14.216316
07/06/24, 10000000 @ -O2, 14.219907
07/06/24, 10000000 @ -O3, 14.260461
08/06/24, 500000 @ -O0, 0.035458
08/06/24, 500000 @ -O1, 0.036849
08/06/24, 500000 @ -O2, 0.037124
08/06/24, 500000 @ -O3, 0.037170
08/06/24, 1000000 @ -O0, 0.101287
08/06/24, 1000000 @ -O1, 0.102244
08/06/24, 1000000 @ -O2, 0.102857
08/06/24, 1000000 @ -O3, 0.102817
08/06/24, 5000000 @ -O0, 5.482907
08/06/24, 5000000 @ -O1, 5.597260
08/06/24, 5000000 @ -O2, 5.623884
08/06/24, 5000000 @ -O3, 5.495440
08/06/24, 10000000 @ -O0, 16.986937
08/06/24, 10000000 @ -O1, 17.370641
08/06/24, 10000000 @ -O2, 17.341146
08/06/24, 10000000 @ -O3, 17.176482
09/06/24, 500000 @ -O0, 0.035372
09/06/24, 500000 @ -O1, 0.036313
09/06/24, 500000 @ -O2, 0.036358
09/06/24, 500000 @ -O3, 0.035961
09/06/24, 1000000 @ -O0, 0.098398
09/06/24, 1000000 @ -O1, 0.100572
09/06/24, 1000000 @ -O2, 0.103355
09/06/24, 1000000 @ -O3, 0.102835
09/06/24, 5000000 @ -O0, 3.209673
09/06/24, 5000000 @ -O1, 3.210408
09/06/24, 5000000 @ -O2, 3.326870
09/06/24, 5000000 @ -O3, 3.375726
09/06/24, 10000000 @ -O0, 12.920148
09/06/24, 10000000 @ -O1, 13.731730
09/06/24, 10000000 @ -O2, 13.637842
09/06/24, 10000000 @ -O3, 13.621253
10/06/24, 500000 @ -O0, 0.039832
10/06/24, 500000 @ -O1, 0.043064
10/06/24, 500000 @ -O2, 0.049293
10/06/24, 500000 @ -O3, 0.038447
10/06/24, 1000000 @ -O0, 0.111106
10/06/24, 1000000 @ -O1, 0.110543
10/06/24, 1000000 @ -O2, 0.111978
10/06/24, 1000000 @ -O3, 0.114216
10/06/24, 5000000 @ -O0, 6.019244
10/06/24, 5000000 @ -O1, 4.794352
10/06/24, 5000000 @ -O2, 4.957519
10/06/24, 5000000 @ -O3, 5.181322
10/06/24, 10000000 @ -O0, 17.181725
10/06/24, 10000000 @ -O1, 17.323273
10/06/24, 10000000 @ -O2, 17.568865
10/06/24, 10000000 @ -O3, 17.444377
11/06/24, 500000 @ -O0, 0.037680
11/06/24, 500000 @ -O1, 0.036674
11/06/24, 500000 @ -O2, 0.037232
11/06/24, 500000 @ -O3, 0.040319
11/06/24, 1000000 @ -O0, 0.100910
11/06/24, 1000000 @ -O1, 0.102412
11/06/24, 1000000 @ -O2, 0.123688
11/06/24, 1000000 @ -O3, 0.103171
11/06/24, 5000000 @ -O0, 5.855028
11/06/24, 5000000 @ -O1, 4.445336
11/06/24, 5000000 @ -O2, 4.575030
11/06/24, 5000000 @ -O3, 4.927198
11/06/24, 10000000 @ -O0, 16.028495
11/06/24, 10000000 @ -O1, 17.718781
11/06/24, 10000000 @ -O2, 17.620032
11/06/24, 10000000 @ -O3, 18.494923
12/06/24, 500000 @ -O0, 0.036035
12/06/24, 500000 @ -O1, 0.036430
12/06/24, 500000 @ -O2, 0.036802
12/06/24, 500000 @ -O3, 0.036486
12/06/24, 1000000 @ -O0, 0.099643
12/06/24, 1000000 @ -O1, 0.101156
12/06/24, 1000000 @ -O2, 0.101856
12/06/24, 1000000 @ -O3, 0.102449
12/06/24, 5000000 @ -O0, 4.785529
12/06/24, 5000000 @ -O1, 5.088562
12/06/24, 5000000 @ -O2, 5.482670
12/06/24, 5000000 @ -O3, 5.611134
12/06/24, 10000000 @ -O0, 18.188434
12/06/24, 10000000 @ -O1, 17.310952
12/06/24, 10000000 @ -O2, 16.687513
12/06/24, 10000000 @ -O3, 16.727092
13/06/24, 500000 @ -O0, 0.036469
13/06/24, 500000 @ -O1, 0.037230
13/06/24, 500000 @ -O2, 0.037452
13/06/24, 500000 @ -O3, 0.037330
13/06/24, 1000000 @ -O0, 0.100394
13/06/24, 1000000 @ -O1, 0.101557
13/06/24, 1000000 @ -O2, 0.103255
13/06/24, 1000000 @ -O3, 0.103534
13/06/24, 5000000 @ -O0, 4.065093
13/06/24, 5000000 @ -O1, 4.402681
13/06/24, 5000000 @ -O2, 3.672617
13/06/24, 5000000 @ -O3, 3.791744
13/06/24, 10000000 @ -O0, 15.850660
13/06/24, 10000000 @ -O1, 15.213899
13/06/24, 10000000 @ -O2, 15.777709
13/06/24, 10000000 @ -O3, 15.374042
14/06/24, 500000 @ -O0, 0.036534
14/06/24, 500000 @ -O1, 0.036820
14/06/24, 500000 @ -O2, 0.036920
14/06/24, 500000 @ -O3, 0.036940
14/06/24, 1000000 @ -O0, 0.099820
14/06/24, 1000000 @ -O1, 0.101527
14/06/24, 1000000 @ -O2, 0.102991
14/06/24, 1000000 @ -O3, 0.102854
14/06/24, 5000000 @ -O0, 4.182168
14/06/24, 5000000 @ -O1, 4.010857
14/06/24, 5000000 @ -O2, 4.284308
14/06/24, 5000000 @ -O3, 4.396529
14/06/24, 10000000 @ -O0, 15.787076
14/06/24, 10000000 @ -O1, 15.153032
14/06/24, 10000000 @ -O2, 17.579375
14/06/24, 10000000 @ -O3, 17.594764
15/06/24, 500000 @ -O0, 0.034957
15/06/24, 500000 @ -O1, 0.036061
15/06/24, 500000 @ -O2, 0.036533
15/06/24, 500000 @ -O3, 0.036391
15/06/24, 1000000 @ -O0, 0.099995
15/06/24, 1000000 @ -O1, 0.100827
15/06/24, 1000000 @ -O2, 0.101188
15/06/24, 1000000 @ -O3, 0.100869
15/06/24, 5000000 @ -O0, 3.525068
15/06/24, 5000000 @ -O1, 3.515290
15/06/24, 5000000 @ -O2, 3.436684
15/06/24, 5000000 @ -O3, 3.612830
15/06/24, 10000000 @ -O0, 13.668068
15/06/24, 10000000 @ -O1, 14.358160
15/06/24, 10000000 @ -O2, 14.438393
15/06/24, 10000000 @ -O3, 14.452505
16/06/24, 500000 @ -O0, 0.037704
16/06/24, 500000 @ -O1, 0.036916
16/06/24, 500000 @ -O2, 0.037461
16/06/24, 500000 @ -O3, 0.037852
16/06/24, 1000000 @ -O0, 0.102484
16/06/24, 1000000 @ -O1, 0.103093
16/06/24, 1000000 @ -O2, 0.103263
16/06/24, 1000000 @ -O3, 0.105895
16/06/24, 5000000 @ -O0, 5.059986
16/06/24, 5000000 @ -O1, 5.394852
16/06/24, 5000000 @ -O2, 5.222305
16/06/24, 5000000 @ -O3, 5.021554
16/06/24, 10000000 @ -O0, 16.636824
16/06/24, 10000000 @ -O1, 16.992427
16/06/24, 10000000 @ -O2, 17.013935
16/06/24, 10000000 @ -O3, 16.874163
17/06/24, 500000 @ -O0, 0.036273
17/06/24, 500000 @ -O1, 0.036685
17/06/24, 500000 @ -O2, 0.037502
17/06/24, 500000 @ -O3, 0.037548
17/06/24, 1000000 @ -O0, 0.100333
17/06/24, 1000000 @ -O1, 0.102189
17/06/24, 1000000 @ -O2, 0.102557
17/06/24, 1000000 @ -O3, 0.101727
17/06/24, 5000000 @ -O0, 3.842482
17/06/24, 5000000 @ -O1, 3.494273
17/06/24, 5000000 @ -O2, 4.742649
17/06/24, 5000000 @ -O3, 4.903790
17/06/24, 10000000 @ -O0, 14.786255
17/06/24, 10000000 @ -O1, 16.068012
17/06/24, 10000000 @ -O2, 14.718407
17/06/24, 10000000 @ -O3, 13.576646
18/06/24, 500000 @ -O0, 0.036021
18/06/24, 500000 @ -O1, 0.037101
18/06/24, 500000 @ -O2, 0.037233
18/06/24, 500000 @ -O3, 0.037350
18/06/24, 1000000 @ -O0, 0.103053
18/06/24, 1000000 @ -O1, 0.110753
18/06/24, 1000000 @ -O2, 0.184193
18/06/24, 1000000 @ -O3, 0.102933
18/06/24, 5000000 @ -O0, 5.521262
18/06/24, 5000000 @ -O1, 5.853749
18/06/24, 5000000 @ -O2, 5.521787
18/06/24, 5000000 @ -O3, 5.828412
18/06/24, 10000000 @ -O0, 17.089866
18/06/24, 10000000 @ -O1, 17.278284
18/06/24, 10000000 @ -O2, 17.607427
18/06/24, 10000000 @ -O3, 17.531332
19/06/24, 500000 @ -O0, 0.084209
19/06/24, 500000 @ -O1, 0.078902
19/06/24, 500000 @ -O2, 0.082776
19/06/24, 500000 @ -O3, 0.081520
19/06/24, 1000000 @ -O0, 0.219394
19/06/24, 1000000 @ -O1, 0.201189
19/06/24, 1000000 @ -O2, 0.222311
19/06/24, 1000000 @ -O3, 0.216897
19/06/24, 5000000 @ -O0, 15.975320
19/06/24, 5000000 @ -O1, 14.834563
19/06/24, 5000000 @ -O2, 17.918991
19/06/24, 5000000 @ -O3, 15.809742
19/06/24, 10000000 @ -O0, 46.346977
19/06/24, 10000000 @ -O1, 43.995468
19/06/24, 10000000 @ -O2, 46.220142
19/06/24, 10000000 @ -O3, 38.827238
20/06/24, 500000 @ -O0, 0.035873
20/06/24, 500000 @ -O1, 0.035996
20/06/24, 500000 @ -O2, 0.036623
20/06/24, 500000 @ -O3, 0.036827
20/06/24, 1000000 @ -O0, 0.099483
20/06/24, 1000000 @ -O1, 0.100345
20/06/24, 1000000 @ -O2, 0.101040
20/06/24, 1000000 @ -O3, 0.100901
20/06/24, 5000000 @ -O0, 3.156572
20/06/24, 5000000 @ -O1, 3.531559
20/06/24, 5000000 @ -O2, 4.126252
20/06/24, 5000000 @ -O3, 3.307314
20/06/24, 10000000 @ -O0, 13.224418
20/06/24, 10000000 @ -O1, 13.488433
20/06/24, 10000000 @ -O2, 16.259713
20/06/24, 10000000 @ -O3, 14.369739
21/06/24, 500000 @ -O0, 0.036815
21/06/24, 500000 @ -O1, 0.037333
21/06/24, 500000 @ -O2, 0.037383
21/06/24, 500000 @ -O3, 0.036945
21/06/24, 1000000 @ -O0, 0.098306
21/06/24, 1000000 @ -O1, 0.102605
21/06/24, 1000000 @ -O2, 0.103141
21/06/24, 1000000 @ -O3, 0.103384
21/06/24, 5000000 @ -O0, 5.016545
21/06/24, 5000000 @ -O1, 4.442888
21/06/24, 5000000 @ -O2, 4.212917
21/06/24, 5000000 @ -O3, 4.124433
21/06/24, 10000000 @ -O0, 15.719364
21/06/24, 10000000 @ -O1, 15.579881
21/06/24, 10000000 @ -O2, 16.153607
21/06/24, 10000000 @ -O3, 15.978376
22/06/24, 500000 @ -O0, 0.036642
22/06/24, 500000 @ -O1, 0.036892
22/06/24, 500000 @ -O2, 0.036960
22/06/24, 500000 @ -O3, 0.036859
22/06/24, 1000000 @ -O0, 0.098929
22/06/24, 1000000 @ -O1, 0.102412
22/06/24, 1000000 @ -O2, 0.102898
22/06/24, 1000000 @ -O3, 0.102848
22/06/24, 5000000 @ -O0, 3.644892
22/06/24, 5000000 @ -O1, 3.684751
22/06/24, 5000000 @ -O2, 3.771923
22/06/24, 5000000 @ -O3, 3.689395
22/06/24, 10000000 @ -O0, 14.483233
22/06/24, 10000000 @ -O1, 14.895968
22/06/24, 10000000 @ -O2, 15.159053
22/06/24, 10000000 @ -O3, 14.722050
23/06/24, 500000 @ -O0, 0.036152
23/06/24, 500000 @ -O1, 0.036991
23/06/24, 500000 @ -O2, 0.036381
23/06/24, 500000 @ -O3, 0.037451
23/06/24, 1000000 @ -O0, 0.100195
23/06/24, 1000000 @ -O1, 0.101276
23/06/24, 1000000 @ -O2, 0.102571
23/06/24, 1000000 @ -O3, 0.102555
23/06/24, 5000000 @ -O0, 5.052637
23/06/24, 5000000 @ -O1, 4.919054
23/06/24, 5000000 @ -O2, 5.059705
23/06/24, 5000000 @ -O3, 4.895244
23/06/24, 10000000 @ -O0, 16.114595
23/06/24, 10000000 @ -O1, 16.478497
23/06/24, 10000000 @ -O2, 16.585750
23/06/24, 10000000 @ -O3, 16.148363
24/06/24, 500000 @ -O0, 0.036116
24/06/24, 500000 @ -O1, 0.036315
24/06/24, 500000 @ -O2, 0.037178
24/06/24, 500000 @ -O3, 0.036778
24/06/24, 1000000 @ -O0, 0.100613
24/06/24, 1000000 @ -O1, 0.102091
24/06/24, 1000000 @ -O2, 0.101006
24/06/24, 1000000 @ -O3, 0.100397
24/06/24, 5000000 @ -O0, 3.153932
24/06/24, 5000000 @ -O1, 3.342553
24/06/24, 5000000 @ -O2, 3.323861
24/06/24, 5000000 @ -O3, 3.373402
24/06/24, 10000000 @ -O0, 13.405165
24/06/24, 10000000 @ -O1, 13.660266
24/06/24, 10000000 @ -O2, 14.166571
24/06/24, 10000000 @ -O3, 13.449747
25/06/24, 500000 @ -O0, 0.036631
25/06/24, 500000 @ -O1, 0.036896
25/06/24, 500000 @ -O2, 0.036480
25/06/24, 500000 @ -O3, 0.037451
25/06/24, 1000000 @ -O0, 0.101729
25/06/24, 1000000 @ -O1, 0.101153
25/06/24, 1000000 @ -O2, 0.101458
25/06/24, 1000000 @ -O3, 0.102338
25/06/24, 5000000 @ -O0, 5.708469
25/06/24, 5000000 @ -O1, 5.652659
25/06/24, 5000000 @ -O2, 5.971060
25/06/24, 5000000 @ -O3, 5.520113
25/06/24, 10000000 @ -O0, 17.970911
25/06/24, 10000000 @ -O1, 17.986554
25/06/24, 10000000 @ -O2, 17.655346
25/06/24, 10000000 @ -O3, 18.280954
26/06/24, 500000 @ -O0, 0.036267
26/06/24, 500000 @ -O1, 0.036320
26/06/24, 500000 @ -O2, 0.036517
26/06/24, 500000 @ -O3, 0.036314
26/06/24, 1000000 @ -O0, 0.099321
26/06/24, 1000000 @ -O1, 0.100552
26/06/24, 1000000 @ -O2, 0.100657
26/06/24, 1000000 @ -O3, 0.100840
26/06/24, 5000000 @ -O0, 3.071535
26/06/24, 5000000 @ -O1, 3.090507
26/06/24, 5000000 @ -O2, 3.145991
26/06/24, 5000000 @ -O3, 3.092403
26/06/24, 10000000 @ -O0, 12.432958
26/06/24, 10000000 @ -O1, 12.920484
26/06/24, 10000000 @ -O2, 12.902723
26/06/24, 10000000 @ -O3, 12.888506
27/06/24, 500000 @ -O0, 0.036678
27/06/24, 500000 @ -O1, 0.036645
27/06/24, 500000 @ -O2, 0.037899
27/06/24, 500000 @ -O3, 0.037240
27/06/24, 1000000 @ -O0, 0.101704
27/06/24, 1000000 @ -O1, 0.102060
27/06/24, 1000000 @ -O2, 0.103622
27/06/24, 1000000 @ -O3, 0.104111
27/06/24, 5000000 @ -O0, 5.540527
27/06/24, 5000000 @ -O1, 5.665901
27/06/24, 5000000 @ -O2, 5.513695
27/06/24, 5000000 @ -O3, 5.280385
27/06/24, 10000000 @ -O0, 16.374943
27/06/24, 10000000 @ -O1, 17.288503
27/06/24, 10000000 @ -O2, 17.072501
27/06/24, 10000000 @ -O3, 17.089275
28/06/24, 500000 @ -O0, 0.038685
28/06/24, 500000 @ -O1, 0.037523
28/06/24, 500000 @ -O2, 0.037479
28/06/24, 500000 @ -O3, 0.037855
28/06/24, 1000000 @ -O0, 0.128275
28/06/24, 1000000 @ -O1, 0.119926
28/06/24, 1000000 @ -O2, 0.113059
28/06/24, 1000000 @ -O3, 0.119443
28/06/24, 5000000 @ -O0, 5.707273
28/06/24, 5000000 @ -O1, 4.699950
28/06/24, 5000000 @ -O2, 5.253228
28/06/24, 5000000 @ -O3, 4.768445
28/06/24, 10000000 @ -O0, 18.691394
28/06/24, 10000000 @ -O1, 26.414796
28/06/24, 10000000 @ -O2, 31.693711
28/06/24, 10000000 @ -O3, 53.055032
29/06/24, 500000 @ -O0, 0.036755
29/06/24, 500000 @ -O1, 0.037330
29/06/24, 500000 @ -O2, 0.036852
29/06/24, 500000 @ -O3, 0.038548
29/06/24, 1000000 @ -O0, 0.100200
29/06/24, 1000000 @ -O1, 0.102471
29/06/24, 1000000 @ -O2, 0.102642
29/06/24, 1000000 @ -O3, 0.103744
29/06/24, 5000000 @ -O0, 5.684112
29/06/24, 5000000 @ -O1, 5.838296
29/06/24, 5000000 @ -O2, 5.817847
29/06/24, 5000000 @ -O3, 5.220115
29/06/24, 10000000 @ -O0, 16.890089
29/06/24, 10000000 @ -O1, 17.444455
29/06/24, 10000000 @ -O2, 16.743002
29/06/24, 10000000 @ -O3, 16.895918
30/06/24, 500000 @ -O0, 0.035965
30/06/24, 500000 @ -O1, 0.036963
30/06/24, 500000 @ -O2, 0.036980
30/06/24, 500000 @ -O3, 0.036416
30/06/24, 1000000 @ -O0, 0.099535
30/06/24, 1000000 @ -O1, 0.102182
30/06/24, 1000000 @ -O2, 0.102267
30/06/24, 1000000 @ -O3, 0.102308
30/06/24, 5000000 @ -O0, 4.566834
30/06/24, 5000000 @ -O1, 4.813428
30/06/24, 5000000 @ -O2, 4.729167
30/06/24, 5000000 @ -O3, 4.810599
30/06/24, 10000000 @ -O0, 16.729116
30/06/24, 10000000 @ -O1, 15.007718
30/06/24, 10000000 @ -O2, 16.241437
30/06/24, 10000000 @ -O3, 14.998447
01/07/24, 500000 @ -O0, 0.037479
01/07/24, 500000 @ -O1, 0.037392
01/07/24, 500000 @ -O2, 0.037358
01/07/24, 500000 @ -O3, 0.037358
01/07/24, 1000000 @ -O0, 0.099557
01/07/24, 1000000 @ -O1, 0.103224
01/07/24, 1000000 @ -O2, 0.103305
01/07/24, 1000000 @ -O3, 0.102138
01/07/24, 5000000 @ -O0, 5.272899
01/07/24, 5000000 @ -O1, 5.483873
01/07/24, 5000000 @ -O2, 5.597294
01/07/24, 5000000 @ -O3, 5.747895
01/07/24, 10000000 @ -O0, 16.356082
01/07/24, 10000000 @ -O1, 16.927418
01/07/24, 10000000 @ -O2, 16.745018
01/07/24, 10000000 @ -O3, 16.744386
02/07/24, 500000 @ -O0, 0.036714
02/07/24, 500000 @ -O1, 0.036805
02/07/24, 500000 @ -O2, 0.037106
02/07/24, 500000 @ -O3, 0.037123
02/07/24, 1000000 @ -O0, 0.098112
02/07/24, 1000000 @ -O1, 0.101341
02/07/24, 1000000 @ -O2, 0.101938
02/07/24, 1000000 @ -O3, 0.101145
02/07/24, 5000000 @ -O0, 5.131393
02/07/24, 5000000 @ -O1, 4.046847
02/07/24, 5000000 @ -O2, 3.900154
02/07/24, 5000000 @ -O3, 3.865729
02/07/24, 10000000 @ -O0, 15.574457
02/07/24, 10000000 @ -O1, 15.275535
02/07/24, 10000000 @ -O2, 15.288737
02/07/24, 10000000 @ -O3, 15.306968
03/07/24, 500000 @ -O0, 0.035769
03/07/24, 500000 @ -O1, 0.037267
03/07/24, 500000 @ -O2, 0.037102
03/07/24, 500000 @ -O3, 0.036970
03/07/24, 1000000 @ -O0, 0.100082
03/07/24, 1000000 @ -O1, 0.102981
03/07/24, 1000000 @ -O2, 0.103340
03/07/24, 1000000 @ -O3, 0.103043
03/07/24, 5000000 @ -O0, 4.334713
03/07/24, 5000000 @ -O1, 5.417917
03/07/24, 5000000 @ -O2, 3.979899
03/07/24, 5000000 @ -O3, 4.060319
03/07/24, 10000000 @ -O0, 15.969103
03/07/24, 10000000 @ -O1, 15.401342
03/07/24, 10000000 @ -O2, 15.366634
03/07/24, 10000000 @ -O3, 15.282680
04/07/24, 500000 @ -O0, 0.035281
04/07/24, 500000 @ -O1, 0.036191
04/07/24, 500000 @ -O2, 0.036959
04/07/24, 500000 @ -O3, 0.036545
04/07/24, 1000000 @ -O0, 0.098431
04/07/24, 1000000 @ -O1, 0.100685
04/07/24, 1000000 @ -O2, 0.101264
04/07/24, 1000000 @ -O3, 0.101238
04/07/24, 5000000 @ -O0, 3.166149
04/07/24, 5000000 @ -O1, 3.218163
04/07/24, 5000000 @ -O2, 3.224780
04/07/24, 5000000 @ -O3, 3.201853
04/07/24, 10000000 @ -O0, 14.035351
04/07/24, 10000000 @ -O1, 13.987827
04/07/24, 10000000 @ -O2, 14.947534
04/07/24, 10000000 @ -O3, 13.382297
05/07/24, 500000 @ -O0, 0.036762
05/07/24, 500000 @ -O1, 0.036841
05/07/24, 500000 @ -O2, 0.037149
05/07/24, 500000 @ -O3, 0.037011
05/07/24, 1000000 @ -O0, 0.100752
05/07/24, 1000000 @ -O1, 0.102766
05/07/24, 1000000 @ -O2, 0.105754
05/07/24, 1000000 @ -O3, 0.102749
05/07/24, 5000000 @ -O0, 4.682853
05/07/24, 5000000 @ -O1, 5.284057
05/07/24, 5000000 @ -O2, 4.169464
05/07/24, 5000000 @ -O3, 3.874452
05/07/24, 10000000 @ -O0, 15.109107
05/07/24, 10000000 @ -O1, 16.311378
05/07/24, 10000000 @ -O2, 16.347018
05/07/24, 10000000 @ -O3, 15.213855
06/07/24, 500000 @ -O0, 0.037556
06/07/24, 500000 @ -O1, 0.036961
06/07/24, 500000 @ -O2, 0.037385
06/07/24, 500000 @ -O3, 0.037646
06/07/24, 1000000 @ -O0, 0.100986
06/07/24, 1000000 @ -O1, 0.104726
06/07/24, 1000000 @ -O2, 0.105454
06/07/24, 1000000 @ -O3, 0.104231
06/07/24, 5000000 @ -O0, 5.699854
06/07/24, 5000000 @ -O1, 6.007953
06/07/24, 5000000 @ -O2, 5.972120
06/07/24, 5000000 @ -O3, 5.906740
06/07/24, 10000000 @ -O0, 17.690202
06/07/24, 10000000 @ -O1, 17.709179
06/07/24, 10000000 @ -O2, 18.028018
06/07/24, 10000000 @ -O3, 17.445067
07/07/24, 500000 @ -O0, 0.036894
07/07/24, 500000 @ -O1, 0.037529
07/07/24, 500000 @ -O2, 0.036944
07/07/24, 500000 @ -O3, 0.037230
07/07/24, 1000000 @ -O0, 0.100292
07/07/24, 1000000 @ -O1, 0.101476
07/07/24, 1000000 @ -O2, 0.101944
07/07/24, 1000000 @ -O3, 0.102952
07/07/24, 5000000 @ -O0, 3.752260
07/07/24, 5000000 @ -O1, 3.484926
07/07/24, 5000000 @ -O2, 3.329882
07/07/24, 5000000 @ -O3, 4.018893
07/07/24, 10000000 @ -O0, 13.653681
07/07/24, 10000000 @ -O1, 15.914370
07/07/24, 10000000 @ -O2, 15.529029
07/07/24, 10000000 @ -O3, 15.264329
08/07/24, 500000 @ -O0, 0.038253
08/07/24, 500000 @ -O1, 0.038005
08/07/24, 500000 @ -O2, 0.037945
08/07/24, 500000 @ -O3, 0.037998
08/07/24, 1000000 @ -O0, 0.101859
08/07/24, 1000000 @ -O1, 0.105735
08/07/24, 1000000 @ -O2, 0.105759
08/07/24, 1000000 @ -O3, 0.106685
08/07/24, 5000000 @ -O0, 6.146744
08/07/24, 5000000 @ -O1, 6.190208
08/07/24, 5000000 @ -O2, 6.239416
08/07/24, 5000000 @ -O3, 6.123338
08/07/24, 10000000 @ -O0, 17.540416
08/07/24, 10000000 @ -O1, 17.835856
08/07/24, 10000000 @ -O2, 17.878090
08/07/24, 10000000 @ -O3, 18.102227
09/07/24, 500000 @ -O0, 0.035931
09/07/24, 500000 @ -O1, 0.037031
09/07/24, 500000 @ -O2, 0.037441
09/07/24, 500000 @ -O3, 0.037198
09/07/24, 1000000 @ -O0, 0.101009
09/07/24, 1000000 @ -O1, 0.101651
09/07/24, 1000000 @ -O2, 0.102355
09/07/24, 1000000 @ -O3, 0.102689
09/07/24, 5000000 @ -O0, 3.618164
09/07/24, 5000000 @ -O1, 4.064411
09/07/24, 5000000 @ -O2, 4.872990
09/07/24, 5000000 @ -O3, 3.452193
09/07/24, 10000000 @ -O0, 14.864387
09/07/24, 10000000 @ -O1, 15.014932
09/07/24, 10000000 @ -O2, 15.028246
09/07/24, 10000000 @ -O3, 16.207102
10/07/24, 500000 @ -O0, 0.035418
10/07/24, 500000 @ -O1, 0.036491
10/07/24, 500000 @ -O2, 0.036418
10/07/24, 500000 @ -O3, 0.036558
10/07/24, 1000000 @ -O0, 0.098315
10/07/24, 1000000 @ -O1, 0.101025
10/07/24, 1000000 @ -O2, 0.100866
10/07/24, 1000000 @ -O3, 0.101298
10/07/24, 5000000 @ -O0, 4.110396
10/07/24, 5000000 @ -O1, 4.136374
10/07/24, 5000000 @ -O2, 4.412238
10/07/24, 5000000 @ -O3, 4.460490
10/07/24, 10000000 @ -O0, 16.111761
10/07/24, 10000000 @ -O1, 16.464607
10/07/24, 10000000 @ -O2, 16.535773
10/07/24, 10000000 @ -O3, 17.559873
11/07/24, 500000 @ -O0, 0.037203
11/07/24, 500000 @ -O1, 0.037126
11/07/24, 500000 @ -O2, 0.037840
11/07/24, 500000 @ -O3, 0.037626
11/07/24, 1000000 @ -O0, 0.100110
11/07/24, 1000000 @ -O1, 0.102295
11/07/24, 1000000 @ -O2, 0.102195
11/07/24, 1000000 @ -O3, 0.102983
11/07/24, 5000000 @ -O0, 5.656213
11/07/24, 5000000 @ -O1, 6.184464
11/07/24, 5000000 @ -O2, 5.874223
11/07/24, 5000000 @ -O3, 5.909841
11/07/24, 10000000 @ -O0, 17.400393
11/07/24, 10000000 @ -O1, 17.404670
11/07/24, 10000000 @ -O2, 17.651809
11/07/24, 10000000 @ -O3, 18.141452
12/07/24, 500000 @ -O0, 0.035327
12/07/24, 500000 @ -O1, 0.036389
12/07/24, 500000 @ -O2, 0.036504
12/07/24, 500000 @ -O3, 0.036831
12/07/24, 1000000 @ -O0, 0.100494
12/07/24, 1000000 @ -O1, 0.102031
12/07/24, 1000000 @ -O2, 0.101536
12/07/24, 1000000 @ -O3, 0.102567
12/07/24, 5000000 @ -O0, 3.601456
12/07/24, 5000000 @ -O1, 3.661977
12/07/24, 5000000 @ -O2, 3.650056
12/07/24, 5000000 @ -O3, 3.573734
12/07/24, 10000000 @ -O0, 15.742396
12/07/24, 10000000 @ -O1, 15.838455
12/07/24, 10000000 @ -O2, 15.656324
12/07/24, 10000000 @ -O3, 15.621747
13/07/24, 500000 @ -O0, 0.036701
13/07/24, 500000 @ -O1, 0.036857
13/07/24, 500000 @ -O2, 0.037162
13/07/24, 500000 @ -O3, 0.036722
13/07/24, 1000000 @ -O0, 0.100410
13/07/24, 1000000 @ -O1, 0.101018
13/07/24, 1000000 @ -O2, 0.102344
13/07/24, 1000000 @ -O3, 0.102683
13/07/24, 5000000 @ -O0, 5.272149
13/07/24, 5000000 @ -O1, 5.443804
13/07/24, 5000000 @ -O2, 5.479044
13/07/24, 5000000 @ -O3, 5.510432
13/07/24, 10000000 @ -O0, 17.462896
13/07/24, 10000000 @ -O1, 17.761260
13/07/24, 10000000 @ -O2, 17.056504
13/07/24, 10000000 @ -O3, 16.956204
14/07/24, 500000 @ -O0, 0.036527
14/07/24, 500000 @ -O1, 0.036996
14/07/24, 500000 @ -O2, 0.037255
14/07/24, 500000 @ -O3, 0.037553
14/07/24, 1000000 @ -O0, 0.101851
14/07/24, 1000000 @ -O1, 0.102948
14/07/24, 1000000 @ -O2, 0.102539
14/07/24, 1000000 @ -O3, 0.102529
14/07/24, 5000000 @ -O0, 3.662522
14/07/24, 5000000 @ -O1, 3.672079
14/07/24, 5000000 @ -O2, 3.669123
14/07/24, 5000000 @ -O3, 3.672036
14/07/24, 10000000 @ -O0, 14.701706
14/07/24, 10000000 @ -O1, 15.065043
14/07/24, 10000000 @ -O2, 15.092246
14/07/24, 10000000 @ -O3, 15.049408
15/07/24, 500000 @ -O0, 0.036428
15/07/24, 500000 @ -O1, 0.037158
15/07/24, 500000 @ -O2, 0.038337
15/07/24, 500000 @ -O3, 0.037151
15/07/24, 1000000 @ -O0, 0.103262
15/07/24, 1000000 @ -O1, 0.104154
15/07/24, 1000000 @ -O2, 0.104139
15/07/24, 1000000 @ -O3, 0.103284
15/07/24, 5000000 @ -O0, 4.444035
15/07/24, 5000000 @ -O1, 4.737777
15/07/24, 5000000 @ -O2, 4.821814
15/07/24, 5000000 @ -O3, 4.813315
15/07/24, 10000000 @ -O0, 16.762811
15/07/24, 10000000 @ -O1, 16.759760
15/07/24, 10000000 @ -O2, 16.897532
15/07/24, 10000000 @ -O3, 16.743230
16/07/24, 500000 @ -O0, 0.036526
16/07/24, 500000 @ -O1, 0.036177
16/07/24, 500000 @ -O2, 0.036691
16/07/24, 500000 @ -O3, 0.037032
16/07/24, 1000000 @ -O0, 0.100902
16/07/24, 1000000 @ -O1, 0.101948
16/07/24, 1000000 @ -O2, 0.104130
16/07/24, 1000000 @ -O3, 0.103821
16/07/24, 5000000 @ -O0, 4.262962
16/07/24, 5000000 @ -O1, 3.956525
16/07/24, 5000000 @ -O2, 4.014239
16/07/24, 5000000 @ -O3, 3.704510
16/07/24, 10000000 @ -O0, 14.910831
16/07/24, 10000000 @ -O1, 14.732445
16/07/24, 10000000 @ -O2, 16.707110
16/07/24, 10000000 @ -O3, 16.789257
17/07/24, 500000 @ -O0, 0.035838
17/07/24, 500000 @ -O1, 0.037113
17/07/24, 500000 @ -O2, 0.037070
17/07/24, 500000 @ -O3, 0.036817
17/07/24, 1000000 @ -O0, 0.100464
17/07/24, 1000000 @ -O1, 0.101399
17/07/24, 1000000 @ -O2, 0.101982
17/07/24, 1000000 @ -O3, 0.103034
17/07/24, 5000000 @ -O0, 3.198888
17/07/24, 5000000 @ -O1, 3.368323
17/07/24, 5000000 @ -O2, 3.340982
17/07/24, 5000000 @ -O3, 3.361227
17/07/24, 10000000 @ -O0, 13.415085
17/07/24, 10000000 @ -O1, 14.038539
17/07/24, 10000000 @ -O2, 13.811890
17/07/24, 10000000 @ -O3, 13.822267
19/07/24, 500000 @ -O0, 0.037197
19/07/24, 500000 @ -O1, 0.037000
19/07/24, 500000 @ -O2, 0.037382
19/07/24, 500000 @ -O3, 0.037033
19/07/24, 1000000 @ -O0, 0.101515
19/07/24, 1000000 @ -O1, 0.102381
19/07/24, 1000000 @ -O2, 0.105203
19/07/24, 1000000 @ -O3, 0.104601
19/07/24, 5000000 @ -O0, 6.044846
19/07/24, 5000000 @ -O1, 6.323037
19/07/24, 5000000 @ -O2, 6.309166
19/07/24, 5000000 @ -O3, 6.277778
19/07/24, 10000000 @ -O0, 18.215878
19/07/24, 10000000 @ -O1, 18.427233
19/07/24, 10000000 @ -O2, 18.416256
19/07/24, 10000000 @ -O3, 18.512468
19/07/24, 500000 @ -O0, 0.036403
19/07/24, 500000 @ -O1, 0.037179
19/07/24, 500000 @ -O2, 0.037707
19/07/24, 500000 @ -O3, 0.037279
19/07/24, 1000000 @ -O0, 0.101487
19/07/24, 1000000 @ -O1, 0.102542
19/07/24, 1000000 @ -O2, 0.102161
19/07/24, 1000000 @ -O3, 0.101471
19/07/24, 5000000 @ -O0, 4.543219
19/07/24, 5000000 @ -O1, 4.559706
19/07/24, 5000000 @ -O2, 4.142918
19/07/24, 5000000 @ -O3, 4.223874
19/07/24, 10000000 @ -O0, 16.636754
19/07/24, 10000000 @ -O1, 15.954818
19/07/24, 10000000 @ -O2, 16.039268
19/07/24, 10000000 @ -O3, 15.498928
20/07/24, 500000 @ -O0, 0.037155
20/07/24, 500000 @ -O1, 0.036433
20/07/24, 500000 @ -O2, 0.037188
20/07/24, 500000 @ -O3, 0.037040
20/07/24, 1000000 @ -O0, 0.100810
20/07/24, 1000000 @ -O1, 0.102425
20/07/24, 1000000 @ -O2, 0.103674
20/07/24, 1000000 @ -O3, 0.103035
20/07/24, 5000000 @ -O0, 4.921860
20/07/24, 5000000 @ -O1, 5.171362
20/07/24, 5000000 @ -O2, 4.904470
20/07/24, 5000000 @ -O3, 5.153772
20/07/24, 10000000 @ -O0, 15.890915
20/07/24, 10000000 @ -O1, 16.011254
20/07/24, 10000000 @ -O2, 16.263072
20/07/24, 10000000 @ -O3, 16.557204
21/07/24, 500000 @ -O0, 0.035506
21/07/24, 500000 @ -O1, 0.036763
21/07/24, 500000 @ -O2, 0.036456
21/07/24, 500000 @ -O3, 0.036573
21/07/24, 1000000 @ -O0, 0.099584
21/07/24, 1000000 @ -O1, 0.101065
21/07/24, 1000000 @ -O2, 0.103745
21/07/24, 1000000 @ -O3, 0.100963
21/07/24, 5000000 @ -O0, 5.253814
21/07/24, 5000000 @ -O1, 5.458310
21/07/24, 5000000 @ -O2, 5.581295
21/07/24, 5000000 @ -O3, 5.749144
21/07/24, 10000000 @ -O0, 16.615779
21/07/24, 10000000 @ -O1, 17.129864
21/07/24, 10000000 @ -O2, 17.312303
21/07/24, 10000000 @ -O3, 17.296048
22/07/24, 500000 @ -O0, 0.036352
22/07/24, 500000 @ -O1, 0.037344
22/07/24, 500000 @ -O2, 0.036918
22/07/24, 500000 @ -O3, 0.037413
22/07/24, 1000000 @ -O0, 0.101330
22/07/24, 1000000 @ -O1, 0.102913
22/07/24, 1000000 @ -O2, 0.102257
22/07/24, 1000000 @ -O3, 0.103154
22/07/24, 5000000 @ -O0, 4.300765
22/07/24, 5000000 @ -O1, 4.111980
22/07/24, 5000000 @ -O2, 4.118206
22/07/24, 5000000 @ -O3, 4.091172
22/07/24, 10000000 @ -O0, 17.696182
22/07/24, 10000000 @ -O1, 15.864360
22/07/24, 10000000 @ -O2, 15.632121
22/07/24, 10000000 @ -O3, 16.572196
23/07/24, 500000 @ -O0, 0.036310
23/07/24, 500000 @ -O1, 0.036560
23/07/24, 500000 @ -O2, 0.036806
23/07/24, 500000 @ -O3, 0.037810
23/07/24, 1000000 @ -O0, 0.100361
23/07/24, 1000000 @ -O1, 0.102603
23/07/24, 1000000 @ -O2, 0.101872
23/07/24, 1000000 @ -O3, 0.103193
23/07/24, 5000000 @ -O0, 3.859376
23/07/24, 5000000 @ -O1, 3.955573
23/07/24, 5000000 @ -O2, 4.427766
23/07/24, 5000000 @ -O3, 4.678142
23/07/24, 10000000 @ -O0, 16.484771
23/07/24, 10000000 @ -O1, 17.120388
23/07/24, 10000000 @ -O2, 15.824247
23/07/24, 10000000 @ -O3, 16.345157
24/07/24, 500000 @ -O0, 0.036100
24/07/24, 500000 @ -O1, 0.036774
24/07/24, 500000 @ -O2, 0.038202
24/07/24, 500000 @ -O3, 0.037022
24/07/24, 1000000 @ -O0, 0.100285
24/07/24, 1000000 @ -O1, 0.102484
24/07/24, 1000000 @ -O2, 0.102827
24/07/24, 1000000 @ -O3, 0.100618
24/07/24, 5000000 @ -O0, 3.357400
24/07/24, 5000000 @ -O1, 3.350851
24/07/24, 5000000 @ -O2, 3.490763
24/07/24, 5000000 @ -O3, 3.647534
24/07/24, 10000000 @ -O0, 13.594136
24/07/24, 10000000 @ -O1, 14.397299
24/07/24, 10000000 @ -O2, 14.015566
24/07/24, 10000000 @ -O3, 13.986375
25/07/24, 500000 @ -O0, 0.037102
25/07/24, 500000 @ -O1, 0.036771
25/07/24, 500000 @ -O2, 0.037191
25/07/24, 500000 @ -O3, 0.036588
25/07/24, 1000000 @ -O0, 0.099572
25/07/24, 1000000 @ -O1, 0.103125
25/07/24, 1000000 @ -O2, 0.101488
25/07/24, 1000000 @ -O3, 0.101305
25/07/24, 5000000 @ -O0, 5.394479
25/07/24, 5000000 @ -O1, 5.799902
25/07/24, 5000000 @ -O2, 6.025256
25/07/24, 5000000 @ -O3, 5.340510
25/07/24, 10000000 @ -O0, 16.741208
25/07/24, 10000000 @ -O1, 16.630121
25/07/24, 10000000 @ -O2, 17.367225
25/07/24, 10000000 @ -O3, 14.791190
26/07/24, 500000 @ -O0, 0.036689
26/07/24, 500000 @ -O1, 0.036684
26/07/24, 500000 @ -O2, 0.036897
26/07/24, 500000 @ -O3, 0.036789
26/07/24, 1000000 @ -O0, 0.099620
26/07/24, 1000000 @ -O1, 0.101303
26/07/24, 1000000 @ -O2, 0.101562
26/07/24, 1000000 @ -O3, 0.100957
26/07/24, 5000000 @ -O0, 3.981167
26/07/24, 5000000 @ -O1, 4.130981
26/07/24, 5000000 @ -O2, 4.211867
26/07/24, 5000000 @ -O3, 4.393630
26/07/24, 10000000 @ -O0, 17.139691
26/07/24, 10000000 @ -O1, 17.679325
26/07/24, 10000000 @ -O2, 16.096038
26/07/24, 10000000 @ -O3, 16.739039
27/07/24, 500000 @ -O0, 0.036095
27/07/24, 500000 @ -O1, 0.036813
27/07/24, 500000 @ -O2, 0.036908
27/07/24, 500000 @ -O3, 0.036704
27/07/24, 1000000 @ -O0, 0.101316
27/07/24, 1000000 @ -O1, 0.101876
27/07/24, 1000000 @ -O2, 0.102335
27/07/24, 1000000 @ -O3, 0.102052
27/07/24, 5000000 @ -O0, 3.193910
27/07/24, 5000000 @ -O1, 3.278992
27/07/24, 5000000 @ -O2, 3.278394
27/07/24, 5000000 @ -O3, 3.268457
27/07/24, 10000000 @ -O0, 13.160421
27/07/24, 10000000 @ -O1, 13.653818
27/07/24, 10000000 @ -O2, 13.590898
27/07/24, 10000000 @ -O3, 14.163872
28/07/24, 500000 @ -O0, 0.041029
28/07/24, 500000 @ -O1, 0.074247
28/07/24, 500000 @ -O2, 0.060327
28/07/24, 500000 @ -O3, 0.037090
28/07/24, 1000000 @ -O0, 0.101322
28/07/24, 1000000 @ -O1, 0.102644
28/07/24, 1000000 @ -O2, 0.102919
28/07/24, 1000000 @ -O3, 0.102401
28/07/24, 5000000 @ -O0, 3.953084
28/07/24, 5000000 @ -O1, 3.668506
28/07/24, 5000000 @ -O2, 3.840383
28/07/24, 5000000 @ -O3, 4.465018
28/07/24, 10000000 @ -O0, 17.710484
28/07/24, 10000000 @ -O1, 17.718964
28/07/24, 10000000 @ -O2, 18.380984
28/07/24, 10000000 @ -O3, 17.177353
29/07/24, 500000 @ -O0, 0.036131
29/07/24, 500000 @ -O1, 0.037486
29/07/24, 500000 @ -O2, 0.036875
29/07/24, 500000 @ -O3, 0.036633
29/07/24, 1000000 @ -O0, 0.099944
29/07/24, 1000000 @ -O1, 0.101825
29/07/24, 1000000 @ -O2, 0.101381
29/07/24, 1000000 @ -O3, 0.101209
29/07/24, 5000000 @ -O0, 3.798323
29/07/24, 5000000 @ -O1, 4.268971
29/07/24, 5000000 @ -O2, 4.292598
29/07/24, 5000000 @ -O3, 4.363455
29/07/24, 10000000 @ -O0, 16.810098
29/07/24, 10000000 @ -O1, 16.407193
29/07/24, 10000000 @ -O2, 17.211510
29/07/24, 10000000 @ -O3, 17.556641
30/07/24, 500000 @ -O0, 0.035663
30/07/24, 500000 @ -O1, 0.036875
30/07/24, 500000 @ -O2, 0.037107
30/07/24, 500000 @ -O3, 0.036725
30/07/24, 1000000 @ -O0, 0.100710
30/07/24, 1000000 @ -O1, 0.102372
30/07/24, 1000000 @ -O2, 0.102896
30/07/24, 1000000 @ -O3, 0.101959
30/07/24, 5000000 @ -O0, 4.241269
30/07/24, 5000000 @ -O1, 4.279958
30/07/24, 5000000 @ -O2, 4.529813
30/07/24, 5000000 @ -O3, 4.224818
30/07/24, 10000000 @ -O0, 16.486373
30/07/24, 10000000 @ -O1, 16.418794
30/07/24, 10000000 @ -O2, 16.684479
30/07/24, 10000000 @ -O3, 16.856912
